cliente_id,canal_aquisicao,categoria_preferida,data_primeira_compra,data_ultima_compra,frequencia_compras_ano,ticket_medio,ltv_estimado,is_recorrente,status,uf,genero,faixa_etaria
CLI-000001,franquia,skincare,2024-02-23,2024-04-25,2,333.88,1129.94,False,inativo,SP,F,45-54
CLI-000002,marketplace,haircare,2023-10-02,2024-04-25,3,225.84,1115.43,True,em_risco,RS,F,35-44
CLI-000003,ecommerce,maquiagem,2023-07-25,2024-08-21,3,62.64,407.93,True,ativo,RS,F,35-44
CLI-000004,ecommerce,perfumes,2024-09-19,2024-12-26,2,320.35,1786.58,False,inativo,SP,F,25-34
CLI-000005,loja_propria,perfumes,2024-09-24,2024-12-31,3,230.42,1604.79,True,ativo,PR,F,35-44
CLI-000006,loja_propria,haircare,2024-01-08,2024-02-19,1,64.32,97.74,False,inativo,RJ,M,35-44
CLI-000007,marketplace,maquiagem,2024-03-25,2024-06-13,2,168.74,820.43,False,em_risco,SC,F,25-34
CLI-000008,marketplace,maquiagem,2023-06-22,2023-08-27,2,117.21,532.24,False,em_risco,SP,F,45-54
CLI-000009,ecommerce,skincare,2023-10-30,2024-10-04,4,237.53,2481.29,True,ativo,RS,F,45-54
CLI-000010,loja_propria,maquiagem,2024-09-23,2024-12-31,3,89.55,690.61,True,ativo,PE,F,45-54
CLI-000011,ecommerce,maquiagem,2024-04-21,2024-05-06,1,158.38,323.56,False,ativo,PE,F,35-44
CLI-000012,franquia,perfumes,2024-05-20,2024-12-31,3,489.8,3953.54,True,ativo,SP,F,35-44
CLI-000013,ecommerce,perfumes,2023-06-02,2023-08-07,1,226.89,487.45,False,ativo,SP,F,35-44
CLI-000014,ecommerce,skincare,2023-01-14,2023-12-10,2,251.45,1184.84,False,inativo,SP,F,35-44
CLI-000015,ecommerce,skincare,2023-05-23,2024-05-27,4,293.59,2966.96,True,ativo,RS,F,45-54
CLI-000016,ecommerce,perfumes,2024-06-17,2024-11-14,6,431.34,4413.21,True,em_risco,GO,F,35-44
CLI-000017,marketplace,skincare,2023-05-24,2023-09-25,1,170.17,261.31,False,inativo,SP,F,18-24
CLI-000018,marketplace,skincare,2023-05-24,2024-03-10,6,136.61,2334.37,True,ativo,SP,F,25-34
CLI-000019,franquia,haircare,2023-07-04,2023-09-05,3,88.34,714.12,True,em_risco,DF,M,45-54
CLI-000020,marketplace,skincare,2023-08-07,2024-06-22,2,320.69,1846.83,False,ativo,BA,M,18-24
CLI-000021,marketplace,maquiagem,2023-04-26,2024-01-15,3,75.1,652.8,True,em_risco,SP,NI,45-54
CLI-000022,ecommerce,maquiagem,2023-10-31,2024-05-10,3,95.97,666.88,True,ativo,SP,F,25-34
CLI-000023,franquia,maquiagem,2024-09-28,2024-12-31,2,53.29,202.41,False,inativo,RJ,F,25-34
CLI-000024,marketplace,skincare,2023-11-19,2024-10-19,1,142.73,427.0,False,inativo,SP,M,25-34
CLI-000025,ecommerce,skincare,2023-09-11,2023-12-20,3,93.2,567.36,True,inativo,SP,F,35-44
CLI-000026,marketplace,skincare,2023-08-12,2024-08-20,2,185.9,1009.63,False,ativo,SP,F,25-34
CLI-000027,franquia,perfumes,2024-07-10,2024-07-12,1,456.83,1251.33,False,inativo,RJ,F,25-34
CLI-000028,ecommerce,perfumes,2024-05-09,2024-12-31,2,540.33,2170.9,False,em_risco,RJ,F,25-34
CLI-000029,loja_propria,maquiagem,2023-05-31,2024-01-31,2,72.76,425.74,False,inativo,SP,F,35-44
CLI-000030,ecommerce,skincare,2023-08-20,2024-08-24,12,375.69,11031.55,True,ativo,BA,F,35-44
CLI-000031,ecommerce,maquiagem,2023-04-17,2023-10-05,3,208.29,1867.56,True,ativo,SP,F,55+
CLI-000032,marketplace,maquiagem,2023-11-10,2024-04-19,1,138.62,225.83,False,ativo,SP,F,35-44
CLI-000033,ecommerce,perfumes,2023-03-07,2023-07-21,4,132.06,994.15,True,em_risco,SP,F,18-24
CLI-000034,ecommerce,skincare,2023-11-06,2024-11-12,1,247.65,641.43,False,ativo,SP,F,25-34
CLI-000035,loja_propria,maquiagem,2023-02-05,2024-01-03,3,102.21,609.79,True,em_risco,SP,F,25-34
CLI-000036,ecommerce,maquiagem,2024-05-17,2024-12-31,1,108.75,222.02,False,ativo,SP,F,25-34
CLI-000037,ecommerce,haircare,2024-05-20,2024-12-19,1,196.31,341.16,False,em_risco,RS,M,55+
CLI-000038,franquia,maquiagem,2023-06-02,2023-06-26,2,101.91,492.56,False,ativo,SP,F,18-24
CLI-000039,loja_propria,maquiagem,2024-08-21,2024-12-31,2,163.16,514.29,False,ativo,GO,F,18-24
CLI-000040,ecommerce,skincare,2024-02-16,2024-06-21,4,337.0,3059.68,True,ativo,SP,M,35-44
CLI-000041,marketplace,haircare,2023-04-17,2024-03-30,3,263.79,2110.92,True,em_risco,SP,F,25-34
CLI-000042,franquia,skincare,2024-01-02,2024-04-14,1,112.03,281.19,False,ativo,SP,F,25-34
CLI-000043,franquia,maquiagem,2024-08-11,2024-12-31,4,158.53,1076.81,True,ativo,RJ,F,45-54
CLI-000044,franquia,perfumes,2024-09-12,2024-12-31,2,326.88,1872.09,False,ativo,RS,F,25-34
CLI-000045,loja_propria,skincare,2023-12-01,2024-08-23,4,243.94,1820.15,True,em_risco,SP,F,18-24
CLI-000046,ecommerce,maquiagem,2024-05-02,2024-12-31,6,191.88,2765.85,True,ativo,RS,F,35-44
CLI-000047,ecommerce,maquiagem,2023-09-10,2024-07-20,6,115.68,1597.85,True,ativo,SP,F,25-34
CLI-000048,ecommerce,haircare,2024-07-10,2024-12-22,3,248.58,1354.14,True,ativo,MG,F,18-24
CLI-000049,franquia,maquiagem,2023-09-30,2024-05-22,4,162.26,1478.0,True,ativo,PR,F,18-24
CLI-000050,marketplace,skincare,2024-02-24,2024-02-24,6,336.98,5974.15,True,ativo,RJ,F,45-54
CLI-000051,marketplace,maquiagem,2023-05-16,2023-09-11,1,75.31,189.1,False,ativo,PR,F,35-44
CLI-000052,ecommerce,maquiagem,2024-01-02,2024-08-11,4,183.2,1135.25,True,ativo,RS,F,35-44
CLI-000053,marketplace,maquiagem,2024-09-26,2024-12-31,3,55.06,287.89,True,ativo,SP,F,45-54
CLI-000054,franquia,skincare,2024-05-14,2024-10-05,2,376.63,1744.09,False,em_risco,MG,F,18-24
CLI-000055,loja_propria,maquiagem,2024-03-18,2024-03-25,1,195.94,302.88,False,ativo,SP,F,25-34
CLI-000056,franquia,skincare,2023-04-19,2023-04-19,2,265.78,1233.59,False,ativo,RS,F,45-54
CLI-000057,franquia,perfumes,2023-09-29,2024-10-21,1,200.98,442.4,False,inativo,SP,F,45-54
CLI-000058,marketplace,skincare,2023-06-08,2024-02-08,1,319.57,591.2,False,ativo,RS,M,55+
CLI-000059,marketplace,skincare,2024-09-15,2024-12-31,12,278.81,5416.27,True,ativo,PE,F,35-44
CLI-000060,franquia,maquiagem,2023-12-27,2024-12-31,2,150.35,580.34,False,ativo,DF,F,55+
CLI-000061,franquia,skincare,2024-03-09,2024-12-31,6,318.47,3847.29,True,inativo,RJ,F,35-44
CLI-000062,ecommerce,haircare,2023-09-21,2023-11-26,3,249.46,1688.56,True,inativo,RJ,M,25-34
CLI-000063,marketplace,maquiagem,2023-02-01,2023-04-24,6,110.22,1686.27,True,inativo,SP,NI,35-44
CLI-000064,marketplace,perfumes,2023-01-23,2023-07-02,1,155.54,412.41,False,ativo,MG,M,18-24
CLI-000065,ecommerce,haircare,2024-04-22,2024-12-31,1,262.9,581.21,False,ativo,SC,M,35-44
CLI-000066,franquia,maquiagem,2024-09-03,2024-09-10,1,62.42,170.26,False,inativo,GO,NI,18-24
CLI-000067,ecommerce,skincare,2023-03-21,2023-07-05,1,186.68,380.37,False,ativo,SP,F,25-34
CLI-000068,ecommerce,skincare,2024-04-17,2024-11-07,2,266.01,1582.16,False,ativo,SP,F,35-44
CLI-000069,franquia,maquiagem,2024-04-14,2024-11-09,2,117.7,519.18,False,ativo,RJ,F,25-34
CLI-000070,marketplace,skincare,2024-02-04,2024-10-09,2,125.11,583.2,False,ativo,SP,F,18-24
CLI-000071,marketplace,maquiagem,2023-09-23,2024-01-03,1,164.14,394.3,False,ativo,RJ,M,18-24
CLI-000072,ecommerce,perfumes,2023-05-03,2023-09-29,2,208.59,1001.39,False,ativo,BA,F,18-24
CLI-000073,marketplace,maquiagem,2023-01-16,2023-11-25,3,63.01,296.39,True,ativo,PE,F,25-34
CLI-000074,franquia,maquiagem,2023-04-15,2024-02-17,1,73.36,195.37,False,em_risco,RJ,F,55+
CLI-000075,marketplace,maquiagem,2023-08-06,2024-06-08,2,197.77,682.86,False,ativo,RS,F,25-34
CLI-000076,franquia,skincare,2024-04-17,2024-07-16,2,303.89,1588.73,False,inativo,MG,F,25-34
CLI-000077,ecommerce,maquiagem,2024-10-06,2024-12-31,6,170.13,2353.53,True,em_risco,RS,F,25-34
CLI-000078,ecommerce,perfumes,2023-08-01,2024-06-10,2,471.46,2380.81,False,em_risco,GO,F,25-34
CLI-000079,ecommerce,maquiagem,2024-06-06,2024-09-27,12,145.99,3877.65,True,ativo,SC,F,25-34
CLI-000080,ecommerce,skincare,2023-09-03,2023-11-28,4,112.57,1046.39,True,ativo,PR,F,45-54
CLI-000081,ecommerce,perfumes,2024-06-10,2024-12-31,6,364.69,4175.0,True,ativo,RJ,NI,25-34
CLI-000082,marketplace,skincare,2023-07-16,2024-02-11,6,380.73,6040.45,True,ativo,RJ,F,18-24
CLI-000083,marketplace,maquiagem,2023-12-14,2024-03-30,1,75.4,221.08,False,inativo,PE,M,35-44
CLI-000084,marketplace,skincare,2024-02-04,2024-12-07,2,377.08,1504.76,False,ativo,MG,F,25-34
CLI-000085,loja_propria,maquiagem,2024-03-16,2024-12-24,4,181.89,1179.23,True,em_risco,SP,M,25-34
CLI-000086,ecommerce,haircare,2024-08-31,2024-12-31,3,169.2,980.55,True,ativo,SP,F,18-24
CLI-000087,ecommerce,maquiagem,2023-03-27,2023-08-26,3,61.02,382.87,True,inativo,RJ,F,25-34
CLI-000088,ecommerce,perfumes,2023-11-11,2024-03-15,1,444.29,1318.48,False,ativo,BA,F,25-34
CLI-000089,marketplace,perfumes,2024-08-28,2024-12-31,6,179.46,3070.98,True,ativo,MG,F,18-24
CLI-000090,ecommerce,perfumes,2023-02-13,2023-09-26,2,299.2,1435.15,False,ativo,SC,M,35-44
CLI-000091,franquia,maquiagem,2024-10-05,2024-12-31,4,76.63,519.2,True,ativo,MG,F,35-44
CLI-000092,ecommerce,perfumes,2024-08-24,2024-12-31,2,447.97,2501.6,False,inativo,PE,F,35-44
CLI-000093,ecommerce,maquiagem,2024-03-16,2024-05-31,4,137.39,1189.1,True,ativo,RJ,F,25-34
CLI-000094,ecommerce,perfumes,2024-02-26,2024-03-08,1,327.1,572.95,False,ativo,SP,NI,45-54
CLI-000095,franquia,perfumes,2024-05-25,2024-12-31,1,484.86,1383.78,False,inativo,SP,M,35-44
CLI-000096,franquia,skincare,2024-04-07,2024-04-17,2,208.48,706.25,False,ativo,DF,F,18-24
CLI-000097,ecommerce,haircare,2023-11-04,2024-10-13,2,174.2,910.31,False,ativo,SP,F,35-44
CLI-000098,ecommerce,perfumes,2024-03-21,2024-06-14,2,367.28,1823.25,False,ativo,MG,F,25-34
CLI-000099,franquia,perfumes,2023-11-23,2024-09-10,3,362.78,2987.79,True,ativo,SP,F,25-34
CLI-000100,marketplace,maquiagem,2023-05-12,2023-11-13,3,173.11,1451.18,True,ativo,SP,F,25-34
CLI-000101,franquia,skincare,2023-07-02,2024-04-01,1,103.01,198.98,False,inativo,SP,F,25-34
CLI-000102,loja_propria,skincare,2023-02-18,2023-04-22,1,134.74,344.34,False,ativo,RJ,M,25-34
CLI-000103,marketplace,perfumes,2023-03-19,2023-09-11,12,175.23,4513.38,True,ativo,PE,F,45-54
CLI-000104,ecommerce,perfumes,2023-08-23,2024-06-20,1,507.35,1015.12,False,inativo,SP,F,18-24
CLI-000105,ecommerce,perfumes,2024-08-10,2024-11-14,1,172.24,364.83,False,ativo,RJ,M,18-24
CLI-000106,marketplace,haircare,2023-03-28,2023-09-28,2,192.87,986.84,False,em_risco,BA,M,35-44
CLI-000107,franquia,haircare,2024-03-30,2024-12-31,2,252.24,1167.48,False,inativo,RS,F,45-54
CLI-000108,franquia,perfumes,2023-03-02,2023-09-17,12,549.42,15811.33,True,inativo,MG,F,35-44
CLI-000109,ecommerce,skincare,2023-07-10,2024-05-18,4,277.6,3308.0,True,ativo,SP,F,25-34
CLI-000110,marketplace,skincare,2023-10-26,2024-02-11,1,130.53,277.12,False,ativo,SP,M,18-24
CLI-000111,ecommerce,perfumes,2023-07-07,2024-04-07,4,131.14,1256.88,True,ativo,BA,F,25-34
CLI-000112,ecommerce,haircare,2023-11-24,2024-04-16,1,196.97,563.37,False,inativo,SP,F,25-34
CLI-000113,franquia,perfumes,2023-07-16,2023-09-26,6,283.33,3828.88,True,inativo,SP,F,35-44
CLI-000114,ecommerce,skincare,2023-04-23,2023-05-05,2,290.48,1306.74,False,ativo,GO,M,35-44
CLI-000115,marketplace,maquiagem,2023-02-23,2024-03-10,2,166.85,790.47,False,ativo,PR,F,55+
CLI-000116,ecommerce,haircare,2024-02-16,2024-12-11,12,103.37,3649.61,True,ativo,SP,NI,25-34
CLI-000117,marketplace,skincare,2023-08-12,2024-01-06,4,111.39,679.33,True,em_risco,RJ,F,45-54
CLI-000118,ecommerce,maquiagem,2023-01-07,2023-11-18,6,137.39,1314.09,True,ativo,SP,F,25-34
CLI-000119,ecommerce,maquiagem,2023-05-04,2024-01-25,4,178.93,1733.21,True,ativo,SP,F,25-34
CLI-000120,franquia,skincare,2023-02-06,2023-12-06,1,274.9,612.6,False,ativo,DF,F,35-44
CLI-000121,marketplace,maquiagem,2023-06-02,2024-05-17,2,117.55,558.38,False,inativo,SP,NI,18-24
CLI-000122,franquia,maquiagem,2024-03-29,2024-10-23,3,56.2,340.0,True,inativo,PE,F,35-44
CLI-000123,marketplace,skincare,2023-01-31,2023-12-25,6,256.03,2678.46,True,em_risco,SP,F,18-24
CLI-000124,franquia,skincare,2023-08-02,2024-07-21,1,377.47,984.83,False,em_risco,RS,F,18-24
CLI-000125,ecommerce,skincare,2023-04-16,2024-05-05,1,321.74,755.39,False,ativo,SP,F,25-34
CLI-000126,ecommerce,haircare,2023-06-04,2023-08-14,3,124.62,1089.93,True,ativo,SP,F,55+
CLI-000127,ecommerce,skincare,2023-01-01,2023-12-25,2,306.76,1460.47,False,em_risco,MG,M,25-34
CLI-000128,franquia,perfumes,2023-08-20,2024-02-11,3,362.57,2311.11,True,ativo,SP,F,18-24
CLI-000129,marketplace,skincare,2023-05-13,2024-04-05,3,293.48,2159.76,True,inativo,BA,F,25-34
CLI-000130,marketplace,perfumes,2023-11-11,2024-03-24,2,346.87,1518.59,False,ativo,SP,F,35-44
CLI-000131,franquia,skincare,2024-09-25,2024-12-31,2,91.4,539.19,False,em_risco,RS,F,25-34
CLI-000132,ecommerce,skincare,2024-04-04,2024-10-23,1,358.1,800.74,False,em_risco,SP,F,35-44
CLI-000133,marketplace,perfumes,2023-05-10,2024-03-22,1,177.7,337.3,False,ativo,PR,F,35-44
CLI-000134,ecommerce,skincare,2024-03-19,2024-11-01,12,104.48,2192.08,True,ativo,RS,F,25-34
CLI-000135,ecommerce,maquiagem,2023-12-20,2024-11-14,6,108.36,1658.61,True,em_risco,PE,NI,55+
CLI-000136,marketplace,perfumes,2023-05-20,2024-04-11,2,481.46,1490.22,False,ativo,PR,NI,25-34
CLI-000137,loja_propria,haircare,2023-04-02,2023-05-30,12,184.18,3648.87,True,ativo,RJ,M,55+
CLI-000138,franquia,maquiagem,2024-10-01,2024-12-31,2,172.32,612.89,False,ativo,PE,F,25-34
CLI-000139,ecommerce,maquiagem,2024-08-07,2024-12-31,3,142.37,767.14,True,em_risco,SP,NI,18-24
CLI-000140,marketplace,skincare,2024-02-08,2024-05-23,2,276.84,1063.62,False,inativo,MG,F,35-44
CLI-000141,ecommerce,maquiagem,2023-04-04,2024-03-26,3,108.62,677.47,True,em_risco,DF,F,35-44
CLI-000142,ecommerce,maquiagem,2023-04-30,2023-05-11,4,163.95,1669.84,True,ativo,SP,F,25-34
CLI-000143,ecommerce,maquiagem,2024-03-05,2024-08-22,3,171.7,800.18,True,em_risco,SP,M,55+
CLI-000144,loja_propria,skincare,2023-11-20,2024-07-10,1,105.51,250.71,False,em_risco,SC,F,35-44
CLI-000145,franquia,skincare,2024-01-22,2024-07-22,2,368.04,2183.03,False,ativo,SP,F,45-54
CLI-000146,loja_propria,skincare,2024-02-21,2024-06-18,2,394.35,1611.92,False,ativo,MG,F,45-54
CLI-000147,marketplace,maquiagem,2024-09-14,2024-12-31,3,135.04,715.31,True,ativo,RJ,F,35-44
CLI-000148,ecommerce,perfumes,2024-08-26,2024-12-31,4,207.59,1996.72,True,ativo,PE,M,18-24
CLI-000149,ecommerce,perfumes,2024-03-02,2024-04-15,1,428.79,999.7,False,inativo,MG,F,25-34
CLI-000150,franquia,skincare,2024-03-20,2024-12-05,2,378.8,1495.52,False,ativo,PR,M,35-44
CLI-000151,marketplace,maquiagem,2023-11-11,2024-01-03,4,75.03,643.3,True,inativo,PE,F,55+
CLI-000152,marketplace,perfumes,2023-02-14,2023-06-28,2,539.99,2563.49,False,ativo,MG,F,35-44
CLI-000153,ecommerce,maquiagem,2024-03-26,2024-12-31,2,63.46,254.01,False,ativo,SP,M,25-34
CLI-000154,loja_propria,perfumes,2024-05-01,2024-12-10,2,490.57,2373.25,False,ativo,MG,F,18-24
CLI-000155,marketplace,maquiagem,2024-03-14,2024-12-31,2,183.25,609.28,False,ativo,SC,M,25-34
CLI-000156,loja_propria,perfumes,2023-03-08,2023-07-23,2,347.91,1781.68,False,ativo,SP,M,55+
CLI-000157,ecommerce,skincare,2023-08-31,2023-10-24,3,167.51,1299.28,True,inativo,DF,NI,25-34
CLI-000158,ecommerce,maquiagem,2024-01-13,2024-05-26,6,128.47,2024.48,True,ativo,BA,F,35-44
CLI-000159,marketplace,skincare,2023-10-19,2024-01-15,1,248.62,631.71,False,ativo,SP,M,25-34
CLI-000160,marketplace,maquiagem,2024-04-30,2024-06-20,2,104.02,585.64,False,inativo,BA,F,45-54
CLI-000161,ecommerce,haircare,2024-09-20,2024-12-31,3,142.7,1160.21,True,em_risco,MG,F,45-54
CLI-000162,marketplace,perfumes,2023-08-24,2024-01-11,6,255.23,3409.65,True,inativo,SP,F,25-34
CLI-000163,loja_propria,haircare,2023-03-07,2023-12-08,2,150.38,801.46,False,inativo,RS,F,35-44
CLI-000164,ecommerce,skincare,2024-09-01,2024-12-31,2,302.53,1472.57,False,ativo,PR,F,25-34
CLI-000165,ecommerce,maquiagem,2024-07-12,2024-12-31,2,130.74,432.86,False,inativo,MG,M,25-34
CLI-000166,ecommerce,perfumes,2024-09-11,2024-12-31,3,242.58,1111.33,True,ativo,PR,F,55+
CLI-000167,marketplace,maquiagem,2023-08-23,2024-07-25,2,144.28,487.82,False,ativo,SP,M,25-34
CLI-000168,ecommerce,skincare,2023-02-27,2023-10-05,2,129.24,629.59,False,em_risco,BA,F,55+
CLI-000169,franquia,maquiagem,2024-03-05,2024-07-22,2,159.79,523.72,False,inativo,RS,F,35-44
CLI-000170,ecommerce,maquiagem,2023-06-22,2023-06-22,2,125.68,411.38,False,ativo,RS,F,45-54
CLI-000171,loja_propria,skincare,2024-03-04,2024-03-06,3,114.27,840.72,True,em_risco,SP,NI,18-24
CLI-000172,marketplace,perfumes,2024-07-25,2024-12-31,4,441.44,3353.31,True,inativo,PR,F,35-44
CLI-000173,franquia,skincare,2024-02-23,2024-12-31,1,216.56,490.91,False,em_risco,RJ,F,25-34
CLI-000174,ecommerce,skincare,2023-02-04,2024-01-30,3,357.31,2632.31,True,ativo,RS,M,35-44
CLI-000175,franquia,skincare,2023-03-06,2023-06-30,1,352.06,651.56,False,em_risco,SC,M,18-24
CLI-000176,franquia,haircare,2023-09-12,2024-03-05,12,166.66,5053.2,True,em_risco,SP,F,18-24
CLI-000177,marketplace,perfumes,2024-04-26,2024-05-16,4,221.02,1549.05,True,ativo,SP,M,25-34
CLI-000178,ecommerce,perfumes,2024-03-09,2024-05-25,6,403.49,4249.45,True,ativo,PR,M,35-44
CLI-000179,marketplace,maquiagem,2023-10-03,2024-06-04,3,153.22,861.2,True,em_risco,RJ,M,35-44
CLI-000180,ecommerce,haircare,2023-11-26,2024-06-05,1,148.6,346.9,False,em_risco,SP,M,25-34
CLI-000181,franquia,skincare,2023-04-30,2023-11-03,4,206.93,1585.01,True,ativo,SP,F,25-34
CLI-000182,franquia,skincare,2023-01-17,2023-03-06,2,370.65,2159.56,False,ativo,SP,F,25-34
CLI-000183,loja_propria,skincare,2024-10-02,2024-12-31,1,147.11,417.33,False,em_risco,SP,M,35-44
CLI-000184,ecommerce,maquiagem,2023-04-03,2023-11-04,2,56.37,174.57,False,ativo,RJ,F,35-44
CLI-000185,franquia,maquiagem,2023-06-23,2023-12-17,3,154.74,910.46,True,em_risco,SP,F,25-34
CLI-000186,marketplace,perfumes,2024-02-02,2024-08-03,1,248.71,531.02,False,em_risco,MG,M,35-44
CLI-000187,ecommerce,skincare,2023-01-13,2024-01-22,2,144.96,817.86,False,em_risco,SP,F,35-44
CLI-000188,marketplace,perfumes,2023-11-10,2024-09-01,3,166.75,1286.11,True,inativo,RS,M,25-34
CLI-000189,ecommerce,skincare,2024-05-05,2024-12-31,3,170.63,1195.05,True,ativo,SC,F,35-44
CLI-000190,marketplace,skincare,2024-08-27,2024-12-31,12,260.25,5975.61,True,ativo,BA,NI,55+
CLI-000191,ecommerce,maquiagem,2024-03-03,2024-07-28,3,171.27,951.67,True,em_risco,RJ,F,35-44
CLI-000192,marketplace,maquiagem,2023-10-25,2024-04-27,4,62.16,411.29,True,ativo,MG,F,25-34
CLI-000193,franquia,skincare,2023-02-04,2024-03-06,1,372.62,821.5,False,ativo,RS,F,45-54
CLI-000194,loja_propria,skincare,2024-06-22,2024-09-03,1,348.81,976.25,False,ativo,MG,F,25-34
CLI-000195,marketplace,maquiagem,2024-06-21,2024-07-13,2,156.58,920.28,False,ativo,MG,F,45-54
CLI-000196,ecommerce,skincare,2024-08-19,2024-11-07,2,304.04,1564.35,False,em_risco,RS,F,35-44
CLI-000197,ecommerce,perfumes,2024-05-31,2024-12-31,2,165.79,952.02,False,ativo,RJ,F,25-34
CLI-000198,marketplace,perfumes,2024-08-24,2024-12-31,2,216.74,1217.88,False,ativo,SC,F,25-34
CLI-000199,ecommerce,perfumes,2024-06-28,2024-12-31,1,435.76,1076.96,False,inativo,MG,F,35-44
CLI-000200,ecommerce,skincare,2023-10-28,2024-06-20,2,191.05,739.0,False,inativo,DF,M,35-44
CLI-000201,franquia,skincare,2023-07-23,2023-07-23,1,375.17,922.02,False,inativo,SP,F,45-54
CLI-000202,marketplace,haircare,2023-06-26,2024-03-23,2,77.92,341.01,False,ativo,SP,F,45-54
CLI-000203,marketplace,haircare,2023-09-03,2024-04-07,3,238.65,1531.54,True,inativo,DF,F,18-24
CLI-000204,ecommerce,maquiagem,2024-01-13,2024-12-08,3,152.99,1229.44,True,ativo,MG,M,18-24
CLI-000205,franquia,perfumes,2023-06-21,2024-02-16,2,168.07,920.12,False,ativo,MG,F,35-44
CLI-000206,marketplace,haircare,2023-05-15,2024-04-29,1,188.79,495.16,False,ativo,RJ,F,25-34
CLI-000207,franquia,haircare,2023-10-07,2024-11-09,4,225.56,1741.87,True,ativo,RJ,F,25-34
CLI-000208,marketplace,skincare,2023-01-30,2023-08-26,1,173.36,342.03,False,inativo,SP,F,18-24
CLI-000209,loja_propria,haircare,2023-12-10,2024-08-27,2,73.38,329.94,False,em_risco,RJ,F,45-54
CLI-000210,ecommerce,haircare,2023-09-29,2024-09-22,3,200.82,1129.37,True,ativo,DF,F,45-54
CLI-000211,ecommerce,perfumes,2023-10-21,2023-11-18,1,386.63,708.04,False,inativo,SC,F,35-44
CLI-000212,ecommerce,haircare,2023-12-23,2024-01-21,3,182.47,857.77,True,ativo,SC,M,25-34
CLI-000213,marketplace,haircare,2024-08-04,2024-10-31,3,65.77,449.16,True,ativo,PE,M,35-44
CLI-000214,marketplace,maquiagem,2023-09-19,2023-11-02,1,114.13,185.84,False,ativo,MG,F,35-44
CLI-000215,loja_propria,maquiagem,2023-05-27,2023-06-30,1,85.25,201.89,False,inativo,RJ,F,25-34
CLI-000216,marketplace,perfumes,2023-08-10,2024-06-05,1,398.75,983.58,False,em_risco,PR,M,25-34
CLI-000217,loja_propria,perfumes,2023-06-14,2023-08-27,2,443.08,1523.81,False,ativo,RS,F,55+
CLI-000218,franquia,perfumes,2023-01-08,2023-08-24,2,505.08,2129.73,False,inativo,RJ,F,35-44
CLI-000219,franquia,haircare,2024-05-15,2024-07-06,1,229.18,361.19,False,ativo,RS,F,35-44
CLI-000220,franquia,haircare,2024-07-14,2024-12-31,1,136.13,332.77,False,em_risco,SP,F,35-44
CLI-000221,franquia,haircare,2023-10-03,2023-12-07,1,126.96,327.64,False,ativo,SP,F,18-24
CLI-000222,loja_propria,maquiagem,2024-06-09,2024-12-31,2,77.3,429.55,False,inativo,SP,F,25-34
CLI-000223,ecommerce,maquiagem,2024-04-07,2024-09-14,1,108.95,294.76,False,em_risco,MG,F,18-24
CLI-000224,ecommerce,skincare,2023-01-10,2023-10-11,2,138.87,779.64,False,ativo,PR,F,25-34
CLI-000225,franquia,haircare,2024-01-18,2024-12-31,2,161.69,546.19,False,inativo,RS,F,55+
CLI-000226,ecommerce,skincare,2023-11-04,2024-10-03,1,318.93,938.65,False,ativo,SP,F,18-24
CLI-000227,ecommerce,skincare,2024-08-06,2024-12-31,1,118.23,309.31,False,em_risco,PR,NI,25-34
CLI-000228,marketplace,perfumes,2024-03-10,2024-12-31,2,476.01,1660.49,False,inativo,RS,F,45-54
CLI-000229,loja_propria,perfumes,2023-04-13,2024-01-04,1,432.5,1203.33,False,em_risco,RJ,M,18-24
CLI-000230,marketplace,maquiagem,2023-07-25,2023-08-13,4,77.03,786.65,True,ativo,MG,NI,25-34
CLI-000231,loja_propria,haircare,2023-12-19,2024-04-21,6,249.29,3291.51,True,ativo,PR,F,35-44
CLI-000232,franquia,haircare,2024-04-20,2024-12-31,2,236.77,891.35,False,inativo,RS,F,25-34
CLI-000233,ecommerce,maquiagem,2024-07-23,2024-12-31,3,57.47,443.01,True,inativo,SP,F,18-24
CLI-000234,franquia,haircare,2023-09-16,2024-04-09,1,218.73,564.1,False,ativo,SP,F,35-44
CLI-000235,ecommerce,maquiagem,2023-04-05,2023-07-02,1,88.76,256.08,False,em_risco,BA,F,25-34
CLI-000236,ecommerce,skincare,2023-05-05,2023-06-19,1,142.91,355.47,False,ativo,PE,M,25-34
CLI-000237,marketplace,haircare,2023-01-27,2024-02-06,4,129.31,1264.44,True,inativo,MG,F,25-34
CLI-000238,franquia,perfumes,2024-09-09,2024-12-31,1,303.83,552.52,False,inativo,GO,M,35-44
CLI-000239,loja_propria,skincare,2023-10-20,2024-06-27,1,120.28,234.98,False,ativo,MG,F,35-44
CLI-000240,marketplace,haircare,2023-01-28,2023-03-27,3,152.82,1079.53,True,ativo,SP,F,25-34
CLI-000241,franquia,maquiagem,2023-01-09,2023-05-29,1,102.89,245.45,False,ativo,PE,M,45-54
CLI-000242,ecommerce,haircare,2023-01-08,2023-10-23,6,241.04,2327.84,True,ativo,RS,M,35-44
CLI-000243,loja_propria,haircare,2023-12-20,2024-11-24,1,124.04,354.04,False,inativo,MG,F,25-34
CLI-000244,marketplace,haircare,2023-10-23,2023-11-22,2,186.52,637.87,False,inativo,SP,F,18-24
CLI-000245,marketplace,skincare,2023-10-03,2024-05-22,2,160.12,720.31,False,em_risco,RJ,F,35-44
CLI-000246,ecommerce,haircare,2023-07-19,2024-03-28,4,198.19,1907.85,True,ativo,MG,NI,25-34
CLI-000247,ecommerce,maquiagem,2024-07-29,2024-11-08,6,131.01,1927.74,True,inativo,RS,F,25-34
CLI-000248,loja_propria,perfumes,2023-06-23,2024-03-03,1,305.45,785.28,False,ativo,RS,F,25-34
CLI-000249,ecommerce,haircare,2023-03-11,2024-03-24,2,219.05,929.19,False,em_risco,SP,NI,45-54
CLI-000250,ecommerce,perfumes,2023-12-20,2024-05-26,2,425.73,2224.24,False,inativo,GO,F,25-34
CLI-000251,loja_propria,skincare,2024-03-17,2024-12-31,2,314.35,1708.83,False,ativo,SP,F,35-44
CLI-000252,ecommerce,maquiagem,2024-08-07,2024-12-31,2,176.7,931.33,False,em_risco,PR,F,18-24
CLI-000253,loja_propria,perfumes,2023-11-27,2024-09-14,6,256.5,3974.77,True,em_risco,SP,F,18-24
CLI-000254,franquia,skincare,2023-06-02,2023-10-14,1,363.7,910.98,False,em_risco,DF,M,35-44
CLI-000255,ecommerce,skincare,2023-09-28,2023-12-02,1,247.89,481.73,False,inativo,SP,F,25-34
CLI-000256,marketplace,maquiagem,2024-07-09,2024-09-24,2,98.11,406.99,False,inativo,PE,F,25-34
CLI-000257,ecommerce,maquiagem,2023-07-25,2024-05-31,4,176.69,1411.19,True,em_risco,SP,F,45-54
CLI-000258,loja_propria,skincare,2023-03-02,2023-03-07,3,349.31,1805.39,True,ativo,RJ,F,35-44
CLI-000259,marketplace,maquiagem,2023-02-01,2023-10-19,1,79.69,192.27,False,inativo,MG,NI,25-34
CLI-000260,loja_propria,skincare,2024-04-25,2024-08-14,3,125.05,779.94,True,ativo,SP,F,35-44
CLI-000261,ecommerce,skincare,2023-05-26,2024-05-25,1,185.78,402.58,False,inativo,RS,F,35-44
CLI-000262,ecommerce,haircare,2024-01-04,2024-08-22,1,141.72,397.1,False,ativo,PR,NI,25-34
CLI-000263,franquia,skincare,2024-01-27,2024-12-27,2,244.61,949.5,False,em_risco,SP,F,45-54
CLI-000264,franquia,skincare,2024-07-02,2024-09-24,3,263.82,2168.52,True,ativo,MG,F,55+
CLI-000265,ecommerce,skincare,2023-04-21,2023-12-20,2,267.82,1448.69,False,ativo,DF,F,35-44
CLI-000266,ecommerce,maquiagem,2023-03-25,2023-09-05,2,108.41,497.54,False,em_risco,RJ,F,35-44
CLI-000267,franquia,maquiagem,2024-07-13,2024-12-31,3,194.61,1742.12,True,ativo,RS,M,45-54
CLI-000268,marketplace,haircare,2024-07-13,2024-12-31,1,187.93,351.01,False,ativo,MG,M,18-24
CLI-000269,franquia,maquiagem,2023-06-08,2023-06-11,2,59.66,240.73,False,ativo,SP,F,18-24
CLI-000270,franquia,perfumes,2024-04-25,2024-12-31,1,316.0,582.28,False,ativo,SP,F,18-24
CLI-000271,ecommerce,maquiagem,2023-10-29,2024-07-21,1,114.98,197.33,False,inativo,RJ,F,25-34
CLI-000272,loja_propria,maquiagem,2024-01-14,2024-09-14,3,79.89,681.6,True,inativo,SP,F,35-44
CLI-000273,marketplace,perfumes,2024-08-05,2024-12-31,2,541.05,2909.22,False,ativo,RS,F,45-54
CLI-000274,ecommerce,perfumes,2024-03-06,2024-12-31,2,192.41,968.41,False,ativo,BA,F,35-44
CLI-000275,franquia,haircare,2024-08-01,2024-12-31,3,263.49,1524.5,True,ativo,RJ,F,35-44
CLI-000276,ecommerce,haircare,2023-06-12,2024-03-17,1,94.41,199.37,False,inativo,PR,M,18-24
CLI-000277,marketplace,perfumes,2023-08-07,2024-08-25,2,387.76,1527.47,False,inativo,SP,F,18-24
CLI-000278,franquia,haircare,2023-08-14,2023-08-25,2,64.09,365.32,False,ativo,SP,F,18-24
CLI-000279,marketplace,haircare,2023-06-30,2023-11-19,12,230.54,5565.38,True,ativo,MG,F,45-54
CLI-000280,ecommerce,maquiagem,2023-03-06,2024-01-30,1,190.59,474.89,False,em_risco,SP,F,25-34
CLI-000281,ecommerce,haircare,2023-06-27,2023-07-22,2,102.7,370.29,False,ativo,BA,F,18-24
CLI-000282,ecommerce,skincare,2023-03-18,2023-11-10,4,255.92,2085.44,True,inativo,RS,NI,35-44
CLI-000283,ecommerce,skincare,2024-07-03,2024-12-31,12,264.99,5619.46,True,ativo,RJ,F,35-44
CLI-000284,marketplace,skincare,2023-09-12,2024-03-13,2,363.74,1298.84,False,em_risco,PR,F,35-44
CLI-000285,loja_propria,haircare,2024-08-08,2024-12-31,12,237.33,8439.04,True,ativo,DF,F,25-34
CLI-000286,loja_propria,maquiagem,2024-05-18,2024-12-29,2,66.98,216.32,False,inativo,PR,F,35-44
CLI-000287,ecommerce,perfumes,2024-03-04,2024-07-26,2,401.73,1420.98,False,ativo,MG,M,25-34
CLI-000288,marketplace,maquiagem,2023-08-11,2023-12-12,3,152.96,1147.5,True,ativo,SP,F,35-44
CLI-000289,franquia,haircare,2023-05-18,2024-01-02,2,108.05,598.49,False,inativo,RJ,F,45-54
CLI-000290,ecommerce,skincare,2024-01-06,2024-12-26,4,290.65,2074.91,True,ativo,RJ,F,55+
CLI-000291,franquia,perfumes,2024-02-29,2024-06-27,3,260.82,1740.15,True,inativo,SP,M,35-44
CLI-000292,loja_propria,perfumes,2024-10-11,2024-12-31,12,341.24,10492.73,True,em_risco,GO,F,55+
CLI-000293,ecommerce,skincare,2024-05-24,2024-06-28,3,279.46,2110.21,True,ativo,RJ,NI,25-34
CLI-000294,marketplace,haircare,2024-04-23,2024-12-31,2,169.5,578.83,False,inativo,RJ,F,45-54
CLI-000295,franquia,perfumes,2023-03-24,2023-12-30,6,406.08,5380.86,True,ativo,RS,F,25-34
CLI-000296,marketplace,maquiagem,2023-03-31,2023-04-28,1,111.2,285.73,False,ativo,PE,F,35-44
CLI-000297,ecommerce,skincare,2023-10-08,2023-12-14,2,208.75,1124.31,False,ativo,RS,F,45-54
CLI-000298,franquia,haircare,2024-04-18,2024-06-17,1,201.16,326.76,False,inativo,PE,F,25-34
CLI-000299,ecommerce,haircare,2024-07-24,2024-12-31,4,216.12,2219.39,True,inativo,PR,F,45-54
CLI-000300,ecommerce,haircare,2023-08-25,2024-03-04,3,117.37,1029.54,True,ativo,RJ,M,35-44
CLI-000301,ecommerce,maquiagem,2024-05-03,2024-12-31,3,104.07,472.25,True,inativo,SP,M,25-34
CLI-000302,loja_propria,maquiagem,2023-04-24,2023-11-11,1,95.34,220.98,False,ativo,PR,M,25-34
CLI-000303,ecommerce,haircare,2023-04-28,2023-04-28,12,203.29,4408.41,True,ativo,SP,F,18-24
CLI-000304,ecommerce,perfumes,2023-05-23,2023-08-07,3,190.78,1517.83,True,inativo,GO,F,25-34
CLI-000305,ecommerce,haircare,2024-05-13,2024-08-10,3,202.0,1790.04,True,inativo,SP,F,25-34
CLI-000306,loja_propria,perfumes,2023-01-13,2023-04-01,1,463.15,827.86,False,inativo,SP,F,18-24
CLI-000307,ecommerce,skincare,2023-05-22,2023-07-27,2,280.04,1253.51,False,ativo,RJ,F,35-44
CLI-000308,ecommerce,maquiagem,2024-08-29,2024-12-31,4,126.11,1183.58,True,ativo,PR,F,35-44
CLI-000309,marketplace,perfumes,2024-08-29,2024-09-05,12,157.51,4484.01,True,inativo,SP,F,35-44
CLI-000310,marketplace,haircare,2023-11-19,2023-12-12,4,155.51,1304.63,True,em_risco,MG,F,35-44
CLI-000311,ecommerce,haircare,2024-09-28,2024-12-04,2,121.49,475.46,False,ativo,SP,F,25-34
CLI-000312,franquia,haircare,2024-06-22,2024-09-26,1,131.74,290.34,False,em_risco,RJ,F,25-34
CLI-000313,ecommerce,perfumes,2023-10-01,2024-10-20,2,396.8,1962.32,False,em_risco,PE,M,35-44
CLI-000314,ecommerce,skincare,2024-02-26,2024-08-13,3,188.94,1087.87,True,inativo,DF,F,18-24
CLI-000315,ecommerce,skincare,2023-07-01,2024-02-16,4,118.33,960.46,True,em_risco,RJ,M,55+
CLI-000316,franquia,skincare,2023-09-27,2024-09-04,2,262.42,1094.87,False,em_risco,SP,F,45-54
CLI-000317,ecommerce,maquiagem,2023-03-15,2023-10-14,6,141.05,2360.47,True,ativo,RJ,F,55+
CLI-000318,franquia,perfumes,2024-04-17,2024-08-06,1,548.02,1292.97,False,em_risco,SP,F,25-34
CLI-000319,ecommerce,skincare,2023-12-31,2024-12-31,1,274.77,663.87,False,ativo,SP,NI,25-34
CLI-000320,ecommerce,maquiagem,2024-06-06,2024-12-31,2,131.14,411.0,False,inativo,RS,M,35-44
CLI-000321,ecommerce,perfumes,2024-05-01,2024-12-31,2,255.15,1528.08,False,ativo,RS,F,35-44
CLI-000322,ecommerce,skincare,2023-06-25,2023-09-03,4,275.72,1875.65,True,ativo,SP,F,25-34
CLI-000323,marketplace,haircare,2024-08-22,2024-12-31,4,172.82,1345.79,True,ativo,RJ,NI,18-24
CLI-000324,ecommerce,skincare,2023-07-15,2024-06-03,1,311.59,910.1,False,ativo,RS,F,45-54
CLI-000325,loja_propria,skincare,2023-02-08,2023-05-30,1,300.01,685.93,False,em_risco,SC,F,35-44
CLI-000326,ecommerce,haircare,2023-06-22,2023-08-18,4,244.37,2064.44,True,inativo,PE,F,55+
CLI-000327,franquia,maquiagem,2023-12-09,2024-02-05,2,179.34,978.26,False,inativo,SP,F,45-54
CLI-000328,marketplace,skincare,2023-03-22,2023-10-09,1,97.17,195.9,False,ativo,SP,F,25-34
CLI-000329,marketplace,maquiagem,2024-06-06,2024-12-31,6,148.32,1933.23,True,ativo,RJ,F,25-34
CLI-000330,ecommerce,haircare,2023-02-22,2023-08-25,1,249.22,628.89,False,ativo,SP,F,35-44
CLI-000331,marketplace,perfumes,2024-05-08,2024-10-23,6,173.81,2957.3,True,ativo,BA,F,25-34
CLI-000332,franquia,haircare,2024-02-06,2024-08-31,6,67.96,1054.25,True,ativo,RJ,F,35-44
CLI-000333,ecommerce,haircare,2023-01-24,2023-01-31,4,68.79,807.54,True,ativo,SP,M,18-24
CLI-000334,ecommerce,skincare,2024-09-09,2024-12-31,3,279.66,2217.72,True,em_risco,PR,F,18-24
CLI-000335,franquia,skincare,2024-09-22,2024-12-31,2,338.5,1730.95,False,inativo,SP,F,18-24
CLI-000336,ecommerce,skincare,2023-12-25,2024-09-05,1,321.67,882.13,False,ativo,RJ,NI,35-44
CLI-000337,loja_propria,skincare,2023-09-14,2023-12-13,1,157.53,431.94,False,em_risco,RS,F,18-24
CLI-000338,ecommerce,perfumes,2024-08-12,2024-08-16,1,326.07,568.59,False,ativo,RJ,M,35-44
CLI-000339,marketplace,skincare,2023-12-09,2024-08-18,2,277.3,901.01,False,ativo,PR,F,25-34
CLI-000340,franquia,maquiagem,2023-05-11,2024-05-15,1,150.52,363.24,False,em_risco,RJ,M,25-34
CLI-000341,ecommerce,skincare,2023-05-02,2024-02-20,3,260.68,1467.41,True,ativo,DF,F,25-34
CLI-000342,franquia,skincare,2024-08-29,2024-12-31,1,211.98,561.85,False,inativo,SP,M,18-24
CLI-000343,franquia,skincare,2023-08-31,2024-08-16,3,98.63,747.74,True,ativo,MG,F,18-24
CLI-000344,franquia,perfumes,2023-05-23,2023-12-28,4,190.15,1926.15,True,em_risco,RJ,M,35-44
CLI-000345,franquia,skincare,2024-03-04,2024-03-23,4,99.76,793.81,True,em_risco,DF,F,45-54
CLI-000346,loja_propria,maquiagem,2023-06-11,2024-03-03,3,188.56,916.34,True,ativo,PE,F,25-34
CLI-000347,franquia,perfumes,2024-09-11,2024-12-31,3,539.76,4360.53,True,inativo,BA,M,25-34
CLI-000348,franquia,maquiagem,2024-02-12,2024-12-31,2,163.46,734.47,False,ativo,SP,NI,25-34
CLI-000349,marketplace,haircare,2023-12-02,2024-03-24,3,174.32,1446.71,True,em_risco,SP,F,55+
CLI-000350,ecommerce,skincare,2023-03-10,2023-08-11,4,332.53,3464.17,True,em_risco,SP,F,25-34
CLI-000351,marketplace,skincare,2023-03-07,2024-01-11,4,150.46,1130.26,True,inativo,PE,F,18-24
CLI-000352,loja_propria,haircare,2023-09-10,2023-11-02,4,246.07,1962.99,True,ativo,RJ,F,25-34
CLI-000353,ecommerce,haircare,2024-02-07,2024-02-08,3,121.98,691.22,True,inativo,MG,M,55+
CLI-000354,ecommerce,maquiagem,2023-05-04,2023-12-06,3,180.93,857.55,True,ativo,SP,F,25-34
CLI-000355,ecommerce,skincare,2024-07-12,2024-12-31,2,380.43,2149.18,False,ativo,DF,M,55+
CLI-000356,loja_propria,skincare,2023-12-01,2024-01-26,2,154.6,647.69,False,ativo,SC,M,35-44
CLI-000357,ecommerce,haircare,2023-04-29,2023-10-23,1,95.55,178.15,False,ativo,SP,NI,25-34
CLI-000358,marketplace,haircare,2024-04-17,2024-06-09,1,195.11,331.32,False,ativo,SP,M,35-44
CLI-000359,marketplace,haircare,2024-04-11,2024-05-20,6,76.53,1275.88,True,ativo,SP,M,55+
CLI-000360,loja_propria,skincare,2024-07-22,2024-12-31,1,243.45,568.63,False,em_risco,MG,F,35-44
CLI-000361,marketplace,perfumes,2024-03-14,2024-12-31,3,427.99,2228.58,True,ativo,MG,M,55+
CLI-000362,marketplace,perfumes,2023-04-21,2023-10-07,3,466.03,2362.76,True,ativo,GO,F,35-44
CLI-000363,marketplace,perfumes,2023-04-17,2023-10-06,1,406.64,806.53,False,ativo,RS,M,25-34
CLI-000364,ecommerce,skincare,2023-06-18,2023-10-09,1,395.69,861.06,False,ativo,SP,F,18-24
CLI-000365,marketplace,perfumes,2023-02-14,2023-11-10,1,375.72,579.0,False,inativo,SP,F,45-54
CLI-000366,ecommerce,maquiagem,2024-07-15,2024-12-31,3,124.27,1044.17,True,inativo,SP,F,35-44
CLI-000367,ecommerce,maquiagem,2024-07-08,2024-11-15,2,126.37,428.69,False,inativo,SP,F,35-44
CLI-000368,ecommerce,haircare,2024-05-09,2024-12-31,4,208.51,2312.47,True,ativo,SP,F,18-24
CLI-000369,marketplace,maquiagem,2024-02-27,2024-12-31,1,77.81,230.87,False,ativo,SP,F,35-44
CLI-000370,ecommerce,maquiagem,2023-04-27,2023-10-15,1,87.86,165.7,False,ativo,RJ,F,18-24
CLI-000371,ecommerce,maquiagem,2023-04-23,2023-07-04,3,58.55,459.99,True,ativo,SP,F,18-24
CLI-000372,loja_propria,skincare,2023-10-15,2023-12-31,2,142.85,848.38,False,em_risco,SP,F,18-24
CLI-000373,ecommerce,skincare,2023-06-22,2024-04-22,6,267.75,3702.94,True,ativo,SP,F,25-34
CLI-000374,franquia,maquiagem,2023-11-28,2024-05-15,3,205.08,1322.65,True,inativo,SP,F,25-34
CLI-000375,ecommerce,maquiagem,2024-03-02,2024-12-20,4,107.03,1071.02,True,ativo,MG,F,25-34
CLI-000376,ecommerce,haircare,2024-08-14,2024-11-23,2,140.39,500.08,False,ativo,SP,F,18-24
CLI-000377,marketplace,maquiagem,2024-03-01,2024-10-17,3,102.6,748.67,True,ativo,SP,F,35-44
CLI-000378,ecommerce,haircare,2023-10-04,2024-02-01,4,228.7,2710.16,True,inativo,RS,F,25-34
CLI-000379,marketplace,perfumes,2023-03-24,2024-04-03,1,229.08,539.77,False,inativo,MG,F,45-54
CLI-000380,ecommerce,haircare,2023-05-01,2024-03-25,4,158.32,1442.75,True,em_risco,SP,F,18-24
CLI-000381,loja_propria,perfumes,2024-09-03,2024-12-31,3,195.29,1403.55,True,inativo,GO,M,35-44
CLI-000382,franquia,maquiagem,2023-07-17,2024-03-12,2,208.14,847.63,False,ativo,RJ,NI,35-44
CLI-000383,ecommerce,maquiagem,2024-06-09,2024-10-31,1,131.42,333.03,False,em_risco,SP,F,45-54
CLI-000384,ecommerce,maquiagem,2024-04-06,2024-08-28,1,201.46,397.72,False,inativo,PE,F,35-44
CLI-000385,ecommerce,perfumes,2024-02-20,2024-11-03,12,203.43,6245.45,True,ativo,SP,F,35-44
CLI-000386,marketplace,haircare,2023-03-11,2024-02-02,6,124.15,1521.33,True,ativo,RJ,F,25-34
CLI-000387,loja_propria,perfumes,2024-03-05,2024-05-30,4,522.46,5312.47,True,em_risco,SP,F,25-34
CLI-000388,loja_propria,perfumes,2023-12-12,2024-08-17,1,421.54,941.59,False,inativo,SP,F,25-34
CLI-000389,franquia,skincare,2023-10-23,2024-07-08,3,108.28,645.38,True,ativo,PE,F,18-24
CLI-000390,ecommerce,maquiagem,2023-11-12,2024-08-26,1,77.87,150.42,False,ativo,SP,M,45-54
CLI-000391,ecommerce,skincare,2024-07-03,2024-10-03,2,320.8,993.71,False,ativo,MG,F,18-24
CLI-000392,ecommerce,perfumes,2023-06-23,2024-04-07,3,231.52,1403.46,True,ativo,RJ,F,45-54
CLI-000393,franquia,haircare,2024-05-07,2024-12-31,12,166.24,4586.37,True,ativo,RJ,F,35-44
CLI-000394,marketplace,haircare,2024-01-08,2024-11-22,3,183.87,1160.0,True,ativo,SP,F,45-54
CLI-000395,franquia,skincare,2024-04-24,2024-09-24,6,179.52,3006.28,True,inativo,RJ,M,45-54
CLI-000396,franquia,maquiagem,2024-05-06,2024-05-06,12,85.12,2078.7,True,inativo,RS,M,18-24
CLI-000397,franquia,skincare,2023-08-11,2024-01-25,6,289.93,4184.01,True,inativo,BA,M,18-24
CLI-000398,franquia,skincare,2023-04-02,2023-12-24,1,253.64,578.29,False,ativo,MG,F,35-44
CLI-000399,marketplace,maquiagem,2024-01-28,2024-12-09,4,166.12,1120.46,True,ativo,RJ,NI,35-44
CLI-000400,ecommerce,skincare,2023-02-21,2023-03-14,2,224.24,1128.14,False,em_risco,MG,F,25-34
CLI-000401,marketplace,perfumes,2024-10-02,2024-12-31,2,401.16,2305.53,False,ativo,RS,F,25-34
CLI-000402,ecommerce,haircare,2023-02-02,2023-09-21,2,249.48,916.13,False,em_risco,SP,M,25-34
CLI-000403,ecommerce,perfumes,2024-01-07,2024-12-31,1,144.02,265.83,False,ativo,RS,F,25-34
CLI-000404,marketplace,haircare,2024-08-09,2024-09-05,12,83.15,2659.14,True,inativo,SP,M,35-44
CLI-000405,marketplace,perfumes,2024-03-31,2024-12-31,2,394.0,1519.29,False,ativo,PE,F,45-54
CLI-000406,ecommerce,perfumes,2024-05-14,2024-06-11,1,524.34,1189.69,False,em_risco,MG,F,25-34
CLI-000407,ecommerce,haircare,2024-04-30,2024-12-31,2,188.28,763.36,False,inativo,RS,F,35-44
CLI-000408,ecommerce,maquiagem,2023-08-20,2024-07-26,2,205.55,1041.96,False,ativo,RJ,F,35-44
CLI-000409,franquia,haircare,2024-10-09,2024-12-31,3,224.62,1615.5,True,ativo,PR,F,18-24
CLI-000410,ecommerce,skincare,2023-09-04,2023-10-17,3,366.38,2328.53,True,em_risco,RJ,F,18-24
CLI-000411,loja_propria,haircare,2024-09-30,2024-12-31,4,245.57,2826.49,True,ativo,RJ,M,55+
CLI-000412,ecommerce,skincare,2023-04-03,2023-11-10,2,362.77,1389.81,False,ativo,GO,M,35-44
CLI-000413,ecommerce,maquiagem,2023-01-24,2023-05-19,1,96.45,266.88,False,em_risco,MG,F,25-34
CLI-000414,ecommerce,skincare,2023-04-13,2023-09-24,2,340.4,1160.31,False,em_risco,SP,F,25-34
CLI-000415,marketplace,skincare,2024-07-02,2024-08-12,3,243.38,1942.82,True,inativo,RJ,F,18-24
CLI-000416,loja_propria,maquiagem,2023-05-12,2023-06-06,1,101.15,280.21,False,ativo,SP,F,35-44
CLI-000417,franquia,perfumes,2024-04-27,2024-07-15,1,358.74,602.9,False,ativo,GO,F,35-44
CLI-000418,ecommerce,perfumes,2024-10-06,2024-11-03,2,329.97,1146.03,False,inativo,PR,F,35-44
CLI-000419,marketplace,haircare,2023-07-05,2024-07-31,2,63.47,248.85,False,inativo,BA,F,35-44
CLI-000420,franquia,perfumes,2023-02-27,2023-11-13,2,408.05,1571.32,False,em_risco,RJ,NI,18-24
CLI-000421,franquia,haircare,2023-12-17,2024-12-31,1,188.76,342.41,False,em_risco,PE,F,25-34
CLI-000422,loja_propria,skincare,2023-08-06,2023-12-22,3,348.29,3020.75,True,ativo,RJ,F,45-54
CLI-000423,marketplace,maquiagem,2023-09-06,2024-04-07,3,150.21,815.25,True,em_risco,PR,F,35-44
CLI-000424,ecommerce,maquiagem,2024-01-21,2024-12-31,2,206.86,1062.64,False,inativo,PE,F,25-34
CLI-000425,ecommerce,haircare,2024-03-15,2024-06-23,4,258.32,2717.27,True,em_risco,SP,F,55+
CLI-000426,ecommerce,skincare,2023-01-29,2023-04-30,1,222.76,632.92,False,em_risco,SP,M,25-34
CLI-000427,loja_propria,perfumes,2023-09-22,2024-06-04,6,241.1,3337.98,True,ativo,SP,F,18-24
CLI-000428,ecommerce,skincare,2023-03-22,2024-01-25,1,303.64,526.39,False,ativo,RJ,F,25-34
CLI-000429,loja_propria,perfumes,2024-02-01,2024-09-22,3,323.02,1624.27,True,ativo,SP,F,35-44
CLI-000430,loja_propria,haircare,2024-07-30,2024-12-31,1,84.36,197.46,False,inativo,BA,F,18-24
CLI-000431,marketplace,maquiagem,2024-09-27,2024-12-31,3,58.06,437.46,True,ativo,DF,F,25-34
CLI-000432,loja_propria,maquiagem,2024-07-04,2024-08-27,1,143.58,415.83,False,ativo,SC,F,35-44
CLI-000433,marketplace,maquiagem,2023-01-26,2023-02-07,1,112.48,278.12,False,ativo,SC,F,25-34
CLI-000434,marketplace,skincare,2023-08-01,2023-12-28,1,274.35,642.45,False,ativo,BA,F,25-34
CLI-000435,marketplace,haircare,2023-09-06,2023-12-06,2,171.94,854.26,False,ativo,DF,F,45-54
CLI-000436,ecommerce,maquiagem,2024-09-20,2024-12-31,2,52.68,197.97,False,inativo,SP,M,18-24
CLI-000437,marketplace,maquiagem,2023-01-10,2024-01-15,4,68.68,678.39,True,inativo,MG,NI,35-44
CLI-000438,loja_propria,haircare,2023-06-09,2024-02-24,3,172.22,1367.18,True,ativo,DF,F,25-34
CLI-000439,marketplace,haircare,2023-04-03,2023-09-23,1,251.94,571.43,False,inativo,SP,M,45-54
CLI-000440,franquia,skincare,2024-09-19,2024-12-31,6,102.42,1528.49,True,inativo,SP,M,25-34
CLI-000441,ecommerce,skincare,2023-05-18,2024-05-25,3,149.34,953.29,True,ativo,DF,F,35-44
CLI-000442,ecommerce,haircare,2024-03-31,2024-12-09,1,171.69,421.56,False,ativo,RJ,F,25-34
CLI-000443,marketplace,haircare,2023-11-11,2024-05-18,6,144.95,2538.17,True,ativo,MG,M,25-34
CLI-000444,franquia,maquiagem,2023-03-01,2024-02-26,2,55.45,305.14,False,ativo,SP,M,18-24
CLI-000445,ecommerce,perfumes,2024-07-03,2024-12-31,2,446.39,1410.82,False,em_risco,SP,F,25-34
CLI-000446,ecommerce,skincare,2023-02-10,2023-02-27,2,225.56,716.29,False,ativo,MG,F,18-24
CLI-000447,marketplace,haircare,2023-03-24,2023-03-27,3,79.8,384.48,True,inativo,MG,M,35-44
CLI-000448,marketplace,perfumes,2023-09-11,2024-04-18,6,394.36,4952.84,True,ativo,PE,M,25-34
CLI-000449,ecommerce,haircare,2023-02-01,2023-12-17,1,238.44,607.39,False,ativo,RJ,NI,25-34
CLI-000450,marketplace,skincare,2023-01-11,2023-09-23,1,324.37,753.25,False,ativo,SC,F,25-34
CLI-000451,ecommerce,skincare,2023-12-14,2023-12-24,1,319.34,909.45,False,ativo,RJ,F,45-54
CLI-000452,loja_propria,perfumes,2024-04-12,2024-12-31,4,446.26,3538.64,True,ativo,SP,F,35-44
CLI-000453,ecommerce,skincare,2023-06-16,2024-02-25,2,340.69,1605.29,False,ativo,RJ,F,35-44
CLI-000454,ecommerce,skincare,2023-06-06,2023-08-18,2,159.33,606.76,False,ativo,SC,M,35-44
CLI-000455,marketplace,haircare,2023-08-05,2024-02-18,1,166.17,404.38,False,ativo,MG,F,18-24
CLI-000456,ecommerce,perfumes,2023-05-27,2023-11-01,4,361.19,3055.92,True,ativo,RS,NI,45-54
CLI-000457,loja_propria,haircare,2023-06-30,2023-12-19,4,121.43,1224.76,True,inativo,MG,F,35-44
CLI-000458,marketplace,maquiagem,2023-07-31,2024-01-26,1,72.98,155.72,False,inativo,PE,M,45-54
CLI-000459,marketplace,perfumes,2023-02-14,2023-08-09,2,226.57,1017.67,False,ativo,SP,M,35-44
CLI-000460,ecommerce,maquiagem,2023-07-01,2024-02-10,3,116.53,962.37,True,ativo,PE,F,35-44
CLI-000461,marketplace,haircare,2023-03-02,2023-04-01,3,246.46,1869.82,True,inativo,MG,F,35-44
CLI-000462,franquia,maquiagem,2024-10-06,2024-11-02,6,70.12,725.62,True,inativo,PR,F,18-24
CLI-000463,ecommerce,skincare,2023-11-12,2024-07-20,2,192.42,1069.06,False,inativo,SP,F,25-34
CLI-000464,franquia,skincare,2023-08-21,2024-09-14,3,346.57,2177.11,True,em_risco,MG,F,35-44
CLI-000465,ecommerce,haircare,2023-08-11,2024-02-18,3,121.04,778.52,True,em_risco,PR,F,35-44
CLI-000466,ecommerce,maquiagem,2023-04-19,2023-09-21,2,147.27,878.92,False,inativo,SP,F,35-44
CLI-000467,ecommerce,haircare,2023-09-30,2024-04-23,1,229.01,651.83,False,inativo,SP,F,35-44
CLI-000468,ecommerce,skincare,2023-10-25,2024-11-01,3,282.33,2322.96,True,inativo,PR,F,35-44
CLI-000469,franquia,perfumes,2023-09-30,2024-01-10,2,346.63,1741.55,False,ativo,SP,F,45-54
CLI-000470,franquia,maquiagem,2024-09-09,2024-12-31,2,56.91,300.56,False,inativo,PR,F,25-34
CLI-000471,ecommerce,skincare,2023-06-22,2023-10-12,3,220.63,1000.48,True,ativo,PR,F,18-24
CLI-000472,franquia,maquiagem,2024-01-09,2024-03-24,2,126.05,569.65,False,ativo,SP,F,35-44
CLI-000473,ecommerce,skincare,2024-09-18,2024-12-31,4,339.4,2190.35,True,ativo,MG,F,25-34
CLI-000474,ecommerce,skincare,2024-01-11,2024-12-31,2,310.68,1393.21,False,inativo,MG,F,45-54
CLI-000475,franquia,maquiagem,2024-03-17,2024-07-01,2,183.62,764.5,False,ativo,PR,M,45-54
CLI-000476,marketplace,skincare,2023-02-01,2023-12-09,1,109.34,300.78,False,em_risco,RJ,F,45-54
CLI-000477,marketplace,perfumes,2024-07-08,2024-12-31,6,234.65,3965.13,True,ativo,MG,F,35-44
CLI-000478,marketplace,skincare,2023-02-24,2023-12-12,2,148.93,548.19,False,em_risco,DF,F,25-34
CLI-000479,ecommerce,skincare,2023-01-18,2023-03-13,1,282.83,791.12,False,inativo,SP,M,45-54
CLI-000480,ecommerce,maquiagem,2024-09-04,2024-12-31,1,201.95,470.21,False,em_risco,MG,F,25-34
CLI-000481,marketplace,maquiagem,2023-10-10,2024-10-20,12,97.2,2643.75,True,ativo,SC,F,45-54
CLI-000482,loja_propria,perfumes,2023-03-25,2024-01-26,1,387.25,887.89,False,ativo,SP,M,35-44
CLI-000483,ecommerce,haircare,2023-02-26,2023-07-13,2,257.27,1315.45,False,inativo,RJ,M,25-34
CLI-000484,franquia,skincare,2024-01-25,2024-12-31,4,390.64,2623.1,True,em_risco,SP,F,35-44
CLI-000485,ecommerce,maquiagem,2023-02-15,2023-08-18,3,170.2,1109.29,True,ativo,SC,F,25-34
CLI-000486,loja_propria,perfumes,2023-04-07,2024-02-24,4,280.99,2269.81,True,inativo,RJ,F,18-24
CLI-000487,franquia,skincare,2024-02-15,2024-06-11,2,253.12,1290.31,False,ativo,MG,F,35-44
CLI-000488,ecommerce,skincare,2023-09-20,2024-10-01,2,201.25,929.93,False,em_risco,SC,F,18-24
CLI-000489,marketplace,perfumes,2023-08-13,2024-01-26,3,298.55,2150.36,True,ativo,SP,NI,25-34
CLI-000490,marketplace,skincare,2023-06-13,2024-01-26,3,150.2,811.34,True,inativo,SP,F,35-44
CLI-000491,marketplace,haircare,2023-04-16,2023-10-04,12,216.96,4214.54,True,ativo,RS,F,18-24
CLI-000492,ecommerce,skincare,2024-05-10,2024-12-31,2,335.43,1262.65,False,em_risco,SP,F,55+
CLI-000493,loja_propria,skincare,2024-04-01,2024-12-31,6,209.14,2917.98,True,inativo,MG,F,25-34
CLI-000494,marketplace,haircare,2024-08-29,2024-12-27,6,255.66,4131.25,True,ativo,BA,F,35-44
CLI-000495,ecommerce,skincare,2023-04-13,2023-06-21,1,223.14,541.95,False,ativo,SP,F,25-34
CLI-000496,marketplace,haircare,2023-03-08,2023-06-21,1,263.25,580.24,False,ativo,SP,M,18-24
CLI-000497,ecommerce,maquiagem,2024-07-10,2024-12-31,1,51.96,82.15,False,inativo,DF,F,55+
CLI-000498,ecommerce,maquiagem,2024-02-10,2024-12-07,2,140.86,534.58,False,ativo,DF,F,35-44
CLI-000499,marketplace,haircare,2023-04-18,2023-12-14,2,123.5,696.79,False,ativo,DF,F,35-44
CLI-000500,ecommerce,haircare,2024-07-01,2024-12-31,3,162.81,848.24,True,inativo,SP,F,18-24
CLI-000501,marketplace,skincare,2024-07-18,2024-12-31,4,135.38,1433.28,True,inativo,SP,F,55+
CLI-000502,ecommerce,perfumes,2024-01-23,2024-12-31,2,278.34,1334.23,False,ativo,RJ,F,18-24
CLI-000503,loja_propria,skincare,2023-03-24,2023-10-26,6,311.37,4068.68,True,em_risco,DF,F,18-24
CLI-000504,loja_propria,skincare,2023-11-21,2024-02-03,1,201.06,311.68,False,inativo,SP,NI,55+
CLI-000505,franquia,maquiagem,2024-03-17,2024-12-31,6,162.53,1663.47,True,inativo,RJ,F,35-44
CLI-000506,marketplace,skincare,2024-07-25,2024-10-22,12,352.21,11627.18,True,ativo,PE,F,55+
CLI-000507,ecommerce,perfumes,2024-03-10,2024-07-26,2,314.01,1027.89,False,em_risco,SP,F,45-54
CLI-000508,marketplace,skincare,2023-04-08,2023-04-09,1,163.28,246.89,False,ativo,GO,F,25-34
CLI-000509,franquia,haircare,2024-07-05,2024-10-26,1,137.68,400.58,False,ativo,RS,F,25-34
CLI-000510,loja_propria,maquiagem,2023-12-21,2024-07-01,4,120.39,1413.85,True,ativo,SC,F,55+
CLI-000511,loja_propria,skincare,2023-02-15,2023-05-03,6,348.39,4999.16,True,inativo,BA,F,35-44
CLI-000512,marketplace,perfumes,2023-09-10,2024-03-19,2,540.5,2881.33,False,ativo,SP,F,35-44
CLI-000513,loja_propria,skincare,2024-04-23,2024-12-31,1,393.89,868.9,False,ativo,BA,F,45-54
CLI-000514,franquia,skincare,2024-05-06,2024-09-01,3,192.55,1465.18,True,inativo,PE,F,55+
CLI-000515,loja_propria,maquiagem,2024-03-19,2024-04-19,3,184.0,1333.58,True,ativo,DF,F,25-34
CLI-000516,ecommerce,skincare,2024-02-19,2024-12-31,3,230.34,1748.4,True,inativo,MG,F,25-34
CLI-000517,marketplace,maquiagem,2024-05-16,2024-12-31,3,107.23,787.06,True,ativo,SP,F,35-44
CLI-000518,ecommerce,perfumes,2023-09-01,2024-03-26,2,275.38,1390.07,False,ativo,DF,F,35-44
CLI-000519,ecommerce,maquiagem,2024-06-16,2024-12-31,6,71.29,1268.45,True,ativo,PR,M,35-44
CLI-000520,marketplace,maquiagem,2023-08-27,2023-11-26,12,160.95,5558.23,True,ativo,RS,F,45-54
CLI-000521,ecommerce,skincare,2024-03-13,2024-12-31,1,387.05,837.49,False,ativo,SP,M,25-34
CLI-000522,ecommerce,skincare,2023-06-25,2023-09-17,2,170.16,645.39,False,ativo,MG,F,35-44
CLI-000523,marketplace,skincare,2024-09-22,2024-12-31,2,150.73,482.18,False,ativo,SP,F,18-24
CLI-000524,loja_propria,maquiagem,2023-11-21,2024-02-03,1,109.31,191.08,False,ativo,RS,F,18-24
CLI-000525,ecommerce,maquiagem,2023-12-30,2024-09-12,2,55.37,284.47,False,ativo,SP,F,25-34
CLI-000526,marketplace,haircare,2024-06-25,2024-12-31,6,89.21,1190.37,True,inativo,MG,F,25-34
CLI-000527,ecommerce,perfumes,2024-03-05,2024-04-24,6,207.61,2049.98,True,inativo,SP,F,35-44
CLI-000528,loja_propria,haircare,2024-06-16,2024-12-31,2,162.93,892.89,False,ativo,DF,NI,25-34
CLI-000529,ecommerce,skincare,2023-07-27,2024-01-27,1,145.96,257.54,False,ativo,MG,F,25-34
CLI-000530,marketplace,haircare,2024-08-30,2024-12-31,4,186.07,2138.14,True,inativo,RJ,F,45-54
CLI-000531,franquia,skincare,2024-09-08,2024-12-31,6,219.2,2586.34,True,ativo,PR,M,45-54
CLI-000532,ecommerce,skincare,2024-08-12,2024-12-18,3,262.86,1644.27,True,ativo,GO,F,25-34
CLI-000533,ecommerce,skincare,2023-04-20,2023-10-18,6,321.99,3470.61,True,ativo,SP,F,35-44
CLI-000534,ecommerce,skincare,2023-04-02,2023-04-19,2,368.73,1938.74,False,inativo,SP,F,25-34
CLI-000535,ecommerce,perfumes,2024-09-03,2024-10-17,2,459.59,2119.64,False,ativo,DF,F,25-34
CLI-000536,marketplace,maquiagem,2024-02-27,2024-12-20,2,156.26,879.16,False,em_risco,RJ,F,25-34
CLI-000537,ecommerce,maquiagem,2024-09-07,2024-11-23,3,149.22,1145.5,True,ativo,BA,F,45-54
CLI-000538,franquia,maquiagem,2023-09-03,2023-12-31,1,85.49,156.41,False,ativo,RJ,F,35-44
CLI-000539,loja_propria,perfumes,2023-03-13,2023-07-14,4,513.99,5979.97,True,ativo,SP,F,35-44
CLI-000540,ecommerce,skincare,2024-09-27,2024-12-31,4,215.37,1784.23,True,ativo,RJ,NI,18-24
CLI-000541,ecommerce,skincare,2023-12-19,2024-12-31,1,217.47,521.32,False,em_risco,SC,F,25-34
CLI-000542,marketplace,skincare,2024-09-02,2024-12-31,2,313.92,1365.69,False,ativo,PR,F,35-44
CLI-000543,marketplace,maquiagem,2023-02-04,2023-08-11,2,145.8,666.44,False,ativo,SP,F,25-34
CLI-000544,franquia,maquiagem,2024-02-10,2024-07-16,3,207.64,1121.3,True,inativo,PE,M,18-24
CLI-000545,marketplace,perfumes,2024-08-12,2024-09-16,6,542.5,6448.25,True,ativo,RS,F,25-34
CLI-000546,franquia,maquiagem,2024-02-27,2024-05-24,1,57.33,107.24,False,ativo,MG,F,35-44
CLI-000547,ecommerce,maquiagem,2023-11-24,2024-02-29,2,60.39,280.43,False,ativo,SP,F,35-44
CLI-000548,ecommerce,haircare,2023-04-06,2023-12-30,3,74.06,529.9,True,ativo,SP,F,35-44
CLI-000549,loja_propria,skincare,2023-07-11,2023-12-15,4,123.28,1263.69,True,ativo,PR,F,35-44
CLI-000550,ecommerce,skincare,2023-09-06,2024-08-13,1,205.79,530.39,False,inativo,PE,M,18-24
CLI-000551,marketplace,skincare,2023-06-13,2024-05-18,12,170.17,5528.51,True,em_risco,SC,F,25-34
CLI-000552,ecommerce,haircare,2024-04-14,2024-07-11,4,262.13,1976.67,True,em_risco,SP,F,18-24
CLI-000553,marketplace,haircare,2023-11-21,2024-05-26,1,72.83,138.28,False,ativo,SC,F,35-44
CLI-000554,marketplace,skincare,2023-05-22,2024-01-01,2,91.36,352.64,False,ativo,PR,M,35-44
CLI-000555,franquia,perfumes,2024-09-12,2024-12-31,12,534.45,14397.3,True,ativo,SP,F,35-44
CLI-000556,franquia,perfumes,2023-05-20,2024-05-08,2,533.75,2059.76,False,ativo,MG,F,35-44
CLI-000557,ecommerce,haircare,2023-08-12,2024-03-01,3,256.17,2240.71,True,em_risco,SC,F,18-24
CLI-000558,franquia,perfumes,2023-12-28,2024-11-27,2,356.88,1879.66,False,em_risco,RJ,M,18-24
CLI-000559,loja_propria,haircare,2023-08-30,2024-01-23,2,165.47,624.07,False,inativo,SP,M,55+
CLI-000560,marketplace,maquiagem,2023-03-18,2023-06-26,1,73.39,179.27,False,ativo,RS,F,18-24
CLI-000561,ecommerce,skincare,2023-01-26,2023-02-01,2,160.22,934.02,False,ativo,SP,F,25-34
CLI-000562,loja_propria,haircare,2024-09-10,2024-11-17,2,147.02,865.12,False,ativo,RJ,F,25-34
CLI-000563,ecommerce,skincare,2023-01-22,2023-06-06,2,348.54,2004.05,False,inativo,MG,F,25-34
CLI-000564,loja_propria,maquiagem,2023-05-30,2024-04-20,2,166.65,539.54,False,em_risco,SP,F,35-44
CLI-000565,ecommerce,maquiagem,2024-05-23,2024-11-17,3,182.26,1263.95,True,em_risco,RJ,F,25-34
CLI-000566,franquia,haircare,2024-08-14,2024-12-20,3,252.67,1162.42,True,inativo,DF,M,18-24
CLI-000567,franquia,perfumes,2023-04-06,2023-05-03,4,425.83,3078.48,True,ativo,SP,M,35-44
CLI-000568,ecommerce,skincare,2023-07-08,2024-06-15,1,320.27,771.07,False,inativo,PR,M,25-34
CLI-000569,franquia,maquiagem,2023-11-26,2024-06-17,2,104.83,605.66,False,inativo,RJ,F,25-34
CLI-000570,marketplace,skincare,2024-05-20,2024-12-24,3,117.15,775.85,True,em_risco,SP,M,18-24
CLI-000571,loja_propria,perfumes,2023-04-25,2024-05-14,3,188.18,1340.32,True,ativo,PR,F,35-44
CLI-000572,ecommerce,maquiagem,2023-11-13,2024-09-27,3,140.5,1262.79,True,ativo,PR,F,25-34
CLI-000573,marketplace,perfumes,2023-11-24,2024-03-17,3,283.29,2492.38,True,ativo,SP,F,45-54
CLI-000574,ecommerce,skincare,2024-04-17,2024-09-21,2,381.6,1699.72,False,ativo,SP,F,18-24
CLI-000575,ecommerce,maquiagem,2024-07-11,2024-12-31,1,187.21,317.51,False,ativo,DF,F,55+
CLI-000576,marketplace,skincare,2023-12-27,2023-12-29,3,165.31,1382.31,True,inativo,RS,F,25-34
CLI-000577,ecommerce,maquiagem,2024-07-31,2024-09-29,2,135.4,444.01,False,inativo,RJ,F,55+
CLI-000578,ecommerce,perfumes,2024-03-12,2024-12-31,3,160.03,1159.32,True,inativo,SP,F,45-54
CLI-000579,ecommerce,perfumes,2023-05-28,2023-08-18,3,370.75,3250.54,True,ativo,SP,M,35-44
CLI-000580,ecommerce,skincare,2023-10-03,2024-08-06,4,170.15,1268.67,True,ativo,MG,F,18-24
CLI-000581,marketplace,skincare,2023-11-20,2024-06-14,2,299.3,911.28,False,ativo,RS,F,25-34
CLI-000582,marketplace,maquiagem,2023-05-19,2023-06-05,2,108.72,515.79,False,ativo,SP,F,25-34
CLI-000583,franquia,haircare,2024-05-21,2024-11-26,3,232.17,2035.55,True,em_risco,RS,M,35-44
CLI-000584,ecommerce,maquiagem,2024-02-04,2024-12-21,2,165.47,709.9,False,ativo,RJ,M,25-34
CLI-000585,ecommerce,skincare,2023-11-26,2024-07-23,1,170.67,482.19,False,ativo,PR,F,25-34
CLI-000586,ecommerce,perfumes,2024-08-05,2024-12-31,1,533.54,826.64,False,inativo,MG,M,55+
CLI-000587,marketplace,perfumes,2023-10-15,2024-06-27,1,141.25,276.97,False,inativo,SP,M,45-54
CLI-000588,marketplace,skincare,2024-08-22,2024-11-29,4,252.33,2442.39,True,ativo,SP,F,25-34
CLI-000589,marketplace,perfumes,2023-01-02,2023-06-13,1,494.79,942.31,False,ativo,SP,F,35-44
CLI-000590,ecommerce,perfumes,2023-08-22,2024-09-09,1,400.45,605.38,False,inativo,SP,F,35-44
CLI-000591,ecommerce,perfumes,2024-07-27,2024-12-31,3,280.79,1357.77,True,ativo,RJ,F,18-24
CLI-000592,loja_propria,skincare,2023-08-22,2024-02-04,4,157.43,1373.15,True,em_risco,PR,F,55+
CLI-000593,franquia,maquiagem,2023-04-24,2023-05-20,3,106.07,530.03,True,inativo,RS,F,18-24
CLI-000594,loja_propria,skincare,2023-04-16,2023-05-12,1,106.27,168.75,False,ativo,SP,F,55+
CLI-000595,marketplace,maquiagem,2024-09-03,2024-12-31,1,133.25,297.99,False,ativo,SP,F,18-24
CLI-000596,ecommerce,perfumes,2024-09-22,2024-12-31,1,249.32,603.61,False,ativo,SP,F,25-34
CLI-000597,marketplace,perfumes,2023-05-11,2024-05-11,2,226.21,1181.38,False,ativo,SP,F,18-24
CLI-000598,marketplace,maquiagem,2023-01-05,2023-05-13,2,196.17,803.67,False,ativo,RJ,F,35-44
CLI-000599,ecommerce,skincare,2023-02-20,2023-11-10,1,317.3,696.23,False,em_risco,SP,F,25-34
CLI-000600,ecommerce,skincare,2023-08-05,2024-02-07,4,222.36,2581.12,True,em_risco,DF,M,35-44
CLI-000601,franquia,maquiagem,2024-09-22,2024-12-31,4,125.02,1413.0,True,ativo,SP,F,45-54
CLI-000602,marketplace,maquiagem,2024-04-09,2024-12-31,3,67.04,361.92,True,ativo,RS,F,35-44
CLI-000603,ecommerce,maquiagem,2023-03-23,2023-10-19,4,196.14,2285.03,True,em_risco,SP,F,35-44
CLI-000604,ecommerce,maquiagem,2023-03-24,2023-12-11,1,190.9,539.51,False,ativo,MG,F,45-54
CLI-000605,franquia,maquiagem,2023-06-03,2023-10-30,2,64.64,342.15,False,ativo,RS,F,25-34
CLI-000606,ecommerce,haircare,2024-03-12,2024-07-04,6,64.11,617.16,True,ativo,BA,F,35-44
CLI-000607,ecommerce,skincare,2023-12-21,2024-05-05,1,327.35,552.19,False,inativo,RJ,F,35-44
CLI-000608,ecommerce,skincare,2023-11-12,2024-07-08,1,300.07,778.15,False,ativo,SP,F,45-54
CLI-000609,ecommerce,skincare,2023-11-03,2024-03-24,2,240.96,921.07,False,ativo,RJ,F,55+
CLI-000610,loja_propria,perfumes,2023-06-09,2023-06-12,2,422.3,2447.47,False,inativo,PR,F,35-44
CLI-000611,ecommerce,perfumes,2023-01-16,2023-12-12,3,242.15,1962.48,True,ativo,SP,M,45-54
CLI-000612,marketplace,perfumes,2024-04-23,2024-11-21,1,170.17,324.78,False,inativo,SP,M,25-34
CLI-000613,loja_propria,maquiagem,2024-09-15,2024-12-31,12,79.48,2713.26,True,inativo,SP,F,18-24
CLI-000614,ecommerce,skincare,2023-06-22,2024-07-06,3,231.15,1065.15,True,ativo,MG,F,25-34
CLI-000615,marketplace,maquiagem,2023-03-21,2024-04-02,3,60.15,316.67,True,ativo,PE,M,35-44
CLI-000616,ecommerce,skincare,2023-02-26,2023-08-08,1,173.04,373.04,False,inativo,DF,F,18-24
CLI-000617,ecommerce,maquiagem,2023-05-06,2023-11-14,4,60.63,464.76,True,ativo,BA,F,18-24
CLI-000618,marketplace,perfumes,2024-09-27,2024-10-25,3,167.98,1463.87,True,inativo,MG,F,18-24
CLI-000619,ecommerce,maquiagem,2023-01-14,2023-03-21,1,70.28,120.6,False,ativo,SP,F,25-34
CLI-000620,ecommerce,perfumes,2024-06-07,2024-10-24,3,190.62,1084.29,True,ativo,RS,M,18-24
CLI-000621,ecommerce,skincare,2023-10-06,2023-11-21,3,227.73,1285.11,True,em_risco,GO,F,55+
CLI-000622,marketplace,maquiagem,2024-09-12,2024-12-20,1,63.89,140.52,False,ativo,SP,F,45-54
CLI-000623,ecommerce,haircare,2023-04-27,2023-10-29,4,111.52,1231.09,True,em_risco,RJ,F,25-34
CLI-000624,ecommerce,skincare,2023-03-19,2024-03-29,3,359.71,1850.54,True,inativo,MG,NI,35-44
CLI-000625,loja_propria,maquiagem,2023-05-07,2024-05-24,1,50.45,124.34,False,em_risco,SP,F,45-54
CLI-000626,ecommerce,perfumes,2024-04-06,2024-08-02,3,224.53,1667.73,True,em_risco,DF,F,25-34
CLI-000627,franquia,perfumes,2023-10-13,2023-12-01,12,448.21,12787.74,True,em_risco,MG,M,25-34
CLI-000628,franquia,perfumes,2024-08-02,2024-12-31,2,456.93,1966.89,False,ativo,SP,F,45-54
CLI-000629,loja_propria,maquiagem,2023-05-13,2024-01-20,1,122.26,215.92,False,ativo,RJ,F,55+
CLI-000630,marketplace,perfumes,2024-06-10,2024-12-31,3,450.87,2685.28,True,em_risco,BA,M,35-44
CLI-000631,marketplace,haircare,2023-12-15,2023-12-19,4,250.93,2738.5,True,ativo,RS,F,18-24
CLI-000632,ecommerce,haircare,2023-08-25,2024-04-03,2,165.51,508.63,False,ativo,SP,F,25-34
CLI-000633,marketplace,skincare,2023-08-09,2024-06-05,1,323.38,592.65,False,ativo,SP,F,25-34
CLI-000634,ecommerce,skincare,2024-08-29,2024-12-31,6,224.95,3994.06,True,inativo,PE,F,35-44
CLI-000635,marketplace,skincare,2023-04-06,2024-01-09,1,306.36,888.62,False,em_risco,SP,F,55+
CLI-000636,marketplace,perfumes,2023-04-14,2023-05-09,1,503.87,1344.03,False,em_risco,MG,F,35-44
CLI-000637,ecommerce,maquiagem,2023-02-19,2023-03-12,3,83.65,678.72,True,inativo,SP,F,35-44
CLI-000638,ecommerce,perfumes,2023-02-02,2023-05-31,1,164.9,264.78,False,ativo,MG,F,25-34
CLI-000639,ecommerce,haircare,2023-06-22,2024-01-13,4,153.17,1824.97,True,em_risco,SP,F,35-44
CLI-000640,ecommerce,maquiagem,2023-10-21,2024-03-18,1,120.44,232.49,False,inativo,RJ,F,18-24
CLI-000641,marketplace,skincare,2024-08-14,2024-12-31,1,142.6,254.7,False,ativo,MG,M,35-44
CLI-000642,marketplace,haircare,2023-10-02,2024-04-25,1,256.72,598.11,False,ativo,RJ,F,18-24
CLI-000643,marketplace,skincare,2023-12-05,2024-10-17,1,177.85,369.82,False,em_risco,RS,F,25-34
CLI-000644,ecommerce,perfumes,2023-11-13,2024-09-03,12,469.63,10741.85,True,inativo,RJ,M,25-34
CLI-000645,franquia,skincare,2023-10-12,2024-02-01,6,326.2,3920.32,True,ativo,SP,F,45-54
CLI-000646,marketplace,perfumes,2023-05-21,2024-05-06,6,353.49,5875.57,True,ativo,RJ,F,25-34
CLI-000647,ecommerce,perfumes,2023-06-21,2024-07-06,2,280.99,1086.17,False,ativo,RJ,F,35-44
CLI-000648,ecommerce,maquiagem,2023-05-09,2024-03-29,3,104.91,881.47,True,ativo,RJ,M,25-34
CLI-000649,marketplace,skincare,2024-09-27,2024-12-31,2,335.83,1018.35,False,ativo,MG,M,25-34
CLI-000650,franquia,maquiagem,2023-08-17,2024-06-28,3,69.22,617.66,True,inativo,PE,F,18-24
CLI-000651,loja_propria,skincare,2024-04-25,2024-12-31,1,205.46,364.36,False,ativo,SP,F,35-44
CLI-000652,ecommerce,haircare,2023-01-21,2023-09-07,4,133.2,1552.21,True,ativo,MG,M,55+
CLI-000653,ecommerce,perfumes,2023-04-25,2023-06-07,6,458.05,4270.43,True,ativo,PE,NI,25-34
CLI-000654,ecommerce,haircare,2023-02-28,2023-08-16,4,127.11,1216.67,True,ativo,PR,M,25-34
CLI-000655,franquia,haircare,2024-03-29,2024-12-31,1,82.26,136.79,False,ativo,RS,F,35-44
CLI-000656,marketplace,skincare,2023-10-09,2023-10-13,4,295.42,2620.49,True,ativo,PE,M,25-34
CLI-000657,ecommerce,haircare,2023-12-05,2024-04-19,1,216.0,468.32,False,ativo,PE,M,25-34
CLI-000658,franquia,maquiagem,2024-02-21,2024-10-20,3,75.92,406.52,True,ativo,SP,F,25-34
CLI-000659,ecommerce,skincare,2024-03-01,2024-06-01,1,275.58,583.95,False,ativo,SP,F,18-24
CLI-000660,franquia,perfumes,2023-12-07,2024-06-12,1,142.9,404.43,False,ativo,PE,M,35-44
CLI-000661,marketplace,haircare,2023-03-12,2023-10-05,1,179.5,471.23,False,ativo,PR,M,35-44
CLI-000662,loja_propria,skincare,2023-03-31,2023-11-21,4,225.93,1985.44,True,inativo,RJ,F,35-44
CLI-000663,franquia,skincare,2024-08-23,2024-12-31,2,101.26,421.73,False,em_risco,SC,NI,25-34
CLI-000664,marketplace,skincare,2024-01-29,2024-06-17,3,136.4,804.25,True,ativo,SP,M,35-44
CLI-000665,marketplace,haircare,2023-03-03,2023-06-09,1,240.39,428.87,False,ativo,SP,F,55+
CLI-000666,ecommerce,maquiagem,2024-02-23,2024-10-14,12,201.47,6600.23,True,ativo,SP,M,18-24
CLI-000667,franquia,skincare,2024-07-31,2024-12-31,1,241.53,713.26,False,ativo,DF,F,25-34
CLI-000668,ecommerce,skincare,2023-10-29,2024-10-19,4,300.23,2164.5,True,inativo,DF,F,55+
CLI-000669,marketplace,perfumes,2023-01-24,2023-11-30,3,153.89,1219.04,True,inativo,SP,M,25-34
CLI-000670,loja_propria,maquiagem,2023-05-03,2024-04-06,3,181.35,1203.65,True,ativo,SP,M,25-34
CLI-000671,ecommerce,maquiagem,2024-03-24,2024-12-18,1,91.16,143.56,False,ativo,DF,NI,25-34
CLI-000672,ecommerce,skincare,2023-07-03,2023-09-17,2,274.75,1106.95,False,ativo,GO,F,35-44
CLI-000673,loja_propria,maquiagem,2024-05-24,2024-09-12,3,119.2,709.68,True,ativo,MG,F,35-44
CLI-000674,ecommerce,perfumes,2023-09-06,2024-10-07,4,316.89,2510.24,True,em_risco,RJ,F,35-44
CLI-000675,loja_propria,skincare,2023-06-05,2024-06-16,2,347.42,1782.18,False,ativo,PR,M,35-44
CLI-000676,marketplace,perfumes,2024-03-25,2024-11-12,2,415.01,1971.97,False,em_risco,RS,F,25-34
CLI-000677,ecommerce,maquiagem,2023-11-24,2023-12-21,2,175.99,632.35,False,ativo,RS,M,18-24
CLI-000678,ecommerce,perfumes,2024-03-02,2024-12-11,2,458.59,1409.47,False,ativo,RJ,F,55+
CLI-000679,ecommerce,maquiagem,2023-11-30,2024-09-16,3,134.37,1087.48,True,ativo,RJ,M,45-54
CLI-000680,ecommerce,haircare,2023-10-23,2024-07-24,6,193.77,2743.69,True,em_risco,RJ,F,55+
CLI-000681,marketplace,skincare,2024-08-01,2024-12-31,6,100.71,1077.98,True,ativo,MG,F,25-34
CLI-000682,ecommerce,skincare,2024-03-03,2024-04-02,2,158.65,834.12,False,em_risco,SC,M,35-44
CLI-000683,marketplace,skincare,2023-04-15,2023-06-23,6,371.77,3837.7,True,inativo,RJ,F,45-54
CLI-000684,ecommerce,skincare,2023-01-27,2024-01-31,2,105.33,541.57,False,inativo,DF,F,18-24
CLI-000685,franquia,maquiagem,2023-01-15,2023-08-06,12,100.15,2366.59,True,ativo,SP,F,35-44
CLI-000686,ecommerce,perfumes,2023-03-31,2023-06-01,4,406.51,4384.89,True,ativo,SP,F,25-34
CLI-000687,franquia,skincare,2023-07-18,2024-04-10,2,178.61,1064.22,False,ativo,MG,F,25-34
CLI-000688,franquia,skincare,2023-07-19,2023-12-29,4,330.88,2129.11,True,ativo,DF,F,25-34
CLI-000689,ecommerce,skincare,2023-08-14,2023-10-29,4,300.24,3421.25,True,ativo,BA,F,25-34
CLI-000690,loja_propria,skincare,2024-07-11,2024-12-31,2,105.59,487.12,False,ativo,RS,F,25-34
CLI-000691,loja_propria,perfumes,2024-08-29,2024-12-31,6,346.53,5419.57,True,em_risco,SP,F,18-24
CLI-000692,marketplace,perfumes,2023-05-02,2023-11-30,3,308.28,1731.67,True,ativo,PR,M,25-34
CLI-000693,marketplace,skincare,2023-08-12,2024-09-13,3,190.77,887.17,True,ativo,MG,F,25-34
CLI-000694,marketplace,haircare,2023-08-05,2024-03-29,2,244.99,1456.24,False,ativo,BA,NI,45-54
CLI-000695,ecommerce,perfumes,2024-10-09,2024-12-31,2,317.0,1771.54,False,em_risco,PR,F,18-24
CLI-000696,ecommerce,skincare,2024-07-01,2024-12-31,3,363.68,2566.8,True,inativo,SP,F,18-24
CLI-000697,loja_propria,perfumes,2023-07-25,2024-04-02,2,249.99,1230.4,False,ativo,SP,F,35-44
CLI-000698,marketplace,maquiagem,2024-09-17,2024-12-31,4,170.78,1817.85,True,ativo,MG,M,35-44
CLI-000699,ecommerce,skincare,2023-04-22,2024-05-22,3,243.28,1858.18,True,inativo,PR,F,45-54
CLI-000700,marketplace,maquiagem,2023-04-08,2023-09-05,2,182.59,987.57,False,em_risco,BA,F,25-34
CLI-000701,ecommerce,skincare,2023-09-14,2024-09-22,2,158.63,732.91,False,ativo,BA,M,25-34
CLI-000702,ecommerce,haircare,2023-02-16,2023-07-04,2,144.74,515.11,False,inativo,RJ,F,45-54
CLI-000703,ecommerce,perfumes,2024-07-07,2024-12-31,1,326.83,565.71,False,inativo,PR,F,45-54
CLI-000704,ecommerce,perfumes,2023-05-16,2023-12-28,2,231.02,874.21,False,em_risco,SP,NI,25-34
CLI-000705,marketplace,perfumes,2024-04-01,2024-04-18,2,331.95,1126.45,False,ativo,SP,F,25-34
CLI-000706,ecommerce,perfumes,2023-06-04,2024-02-04,12,418.6,14253.54,True,em_risco,RJ,F,35-44
CLI-000707,loja_propria,haircare,2023-01-11,2023-07-13,1,191.46,412.43,False,ativo,DF,M,35-44
CLI-000708,marketplace,perfumes,2024-09-03,2024-12-31,2,447.66,1561.38,False,em_risco,BA,F,25-34
CLI-000709,franquia,maquiagem,2023-07-11,2023-10-07,3,190.36,1208.94,True,ativo,SC,F,55+
CLI-000710,marketplace,skincare,2024-03-30,2024-06-06,4,329.62,2818.88,True,em_risco,RJ,F,25-34
CLI-000711,loja_propria,haircare,2024-08-15,2024-12-31,1,86.36,194.76,False,em_risco,RJ,M,25-34
CLI-000712,ecommerce,maquiagem,2023-10-02,2024-07-06,2,199.6,958.9,False,em_risco,SP,F,25-34
CLI-000713,marketplace,perfumes,2023-01-15,2023-12-28,3,496.66,2665.7,True,em_risco,SP,F,45-54
CLI-000714,marketplace,skincare,2023-02-04,2024-02-27,1,179.14,458.41,False,ativo,SP,F,25-34
CLI-000715,ecommerce,perfumes,2023-07-16,2023-08-06,6,463.22,5202.07,True,ativo,PE,F,35-44
CLI-000716,franquia,maquiagem,2023-02-09,2023-07-29,2,102.14,376.01,False,ativo,RJ,M,35-44
CLI-000717,ecommerce,skincare,2023-02-17,2023-09-28,3,116.72,573.02,True,em_risco,RJ,F,18-24
CLI-000718,ecommerce,maquiagem,2024-06-04,2024-12-31,6,186.86,2528.73,True,ativo,SP,F,35-44
CLI-000719,ecommerce,skincare,2023-12-12,2024-03-19,2,136.18,721.52,False,inativo,GO,F,18-24
CLI-000720,ecommerce,skincare,2023-05-27,2023-07-05,2,139.85,833.46,False,inativo,DF,F,18-24
CLI-000721,ecommerce,skincare,2024-07-11,2024-07-30,1,246.25,414.73,False,ativo,PR,F,35-44
CLI-000722,loja_propria,haircare,2024-04-30,2024-09-06,2,68.61,349.16,False,em_risco,SP,F,25-34
CLI-000723,ecommerce,maquiagem,2024-02-07,2024-12-31,2,86.65,496.39,False,ativo,DF,F,18-24
CLI-000724,ecommerce,maquiagem,2023-06-29,2024-07-14,4,81.23,874.91,True,ativo,SP,F,25-34
CLI-000725,marketplace,skincare,2023-02-27,2023-05-14,3,225.51,1663.98,True,ativo,SP,F,35-44
CLI-000726,franquia,skincare,2023-05-09,2023-07-01,2,100.11,300.76,False,ativo,SP,M,18-24
CLI-000727,loja_propria,maquiagem,2024-05-08,2024-10-15,1,167.96,325.78,False,em_risco,SP,NI,35-44
CLI-000728,ecommerce,haircare,2024-05-27,2024-12-31,1,153.83,424.22,False,inativo,BA,M,18-24
CLI-000729,ecommerce,perfumes,2023-05-09,2024-06-02,6,524.85,6692.32,True,em_risco,SC,F,55+
CLI-000730,franquia,maquiagem,2023-09-01,2023-12-01,3,158.42,1188.19,True,ativo,GO,F,35-44
CLI-000731,ecommerce,haircare,2024-10-07,2024-12-31,3,120.99,609.22,True,em_risco,RJ,F,25-34
CLI-000732,loja_propria,haircare,2023-01-07,2023-05-28,12,179.39,6294.54,True,em_risco,DF,M,25-34
CLI-000733,ecommerce,maquiagem,2023-07-23,2024-05-30,2,51.84,196.46,False,ativo,SP,F,35-44
CLI-000734,marketplace,haircare,2023-09-14,2024-08-15,4,213.14,2525.17,True,ativo,RS,F,55+
CLI-000735,franquia,maquiagem,2023-02-24,2023-10-19,1,83.73,186.45,False,ativo,SP,F,25-34
CLI-000736,ecommerce,haircare,2023-05-29,2023-07-29,1,134.49,357.83,False,em_risco,DF,F,45-54
CLI-000737,ecommerce,skincare,2024-06-22,2024-11-25,2,227.21,853.63,False,inativo,RJ,F,18-24
CLI-000738,ecommerce,haircare,2024-04-03,2024-05-19,1,223.9,395.48,False,ativo,MG,F,18-24
CLI-000739,ecommerce,maquiagem,2024-05-24,2024-09-16,2,56.92,314.08,False,ativo,SP,F,25-34
CLI-000740,loja_propria,haircare,2024-06-19,2024-12-31,3,100.32,550.2,True,ativo,SP,NI,55+
CLI-000741,franquia,perfumes,2024-02-21,2024-12-31,2,258.24,1298.77,False,ativo,DF,F,18-24
CLI-000742,ecommerce,perfumes,2024-09-16,2024-12-13,3,175.98,1206.56,True,em_risco,BA,F,35-44
CLI-000743,marketplace,perfumes,2024-06-30,2024-07-18,4,425.54,5093.55,True,inativo,SP,F,45-54
CLI-000744,marketplace,skincare,2024-02-19,2024-06-05,4,130.21,1037.2,True,ativo,RS,F,35-44
CLI-000745,ecommerce,skincare,2024-09-12,2024-12-31,3,142.96,969.16,True,ativo,SP,F,25-34
CLI-000746,ecommerce,skincare,2024-01-05,2024-09-13,1,141.9,333.4,False,ativo,PR,F,25-34
CLI-000747,ecommerce,skincare,2024-08-30,2024-12-31,2,217.74,895.9,False,ativo,SC,F,18-24
CLI-000748,franquia,haircare,2024-07-03,2024-12-31,2,65.34,344.27,False,ativo,SP,F,25-34
CLI-000749,loja_propria,perfumes,2024-09-05,2024-12-31,1,232.55,348.95,False,inativo,RS,M,35-44
CLI-000750,ecommerce,skincare,2024-04-18,2024-07-14,6,394.26,6565.76,True,inativo,PR,F,35-44
CLI-000751,ecommerce,haircare,2023-05-31,2024-05-20,2,246.37,1129.42,False,ativo,SC,F,35-44
CLI-000752,franquia,perfumes,2023-05-23,2024-05-23,6,346.82,4544.34,True,ativo,RJ,F,35-44
CLI-000753,marketplace,skincare,2023-06-08,2023-12-02,12,249.08,7928.4,True,ativo,SP,F,25-34
CLI-000754,ecommerce,skincare,2024-07-15,2024-12-27,3,195.81,1471.86,True,em_risco,GO,M,55+
CLI-000755,ecommerce,maquiagem,2023-10-15,2024-04-09,3,202.54,1015.72,True,ativo,SP,F,45-54
CLI-000756,franquia,skincare,2023-05-08,2023-06-16,2,390.74,2089.63,False,inativo,SP,NI,25-34
CLI-000757,marketplace,maquiagem,2023-10-15,2024-01-17,3,204.31,1300.16,True,ativo,DF,F,25-34
CLI-000758,ecommerce,skincare,2023-06-18,2024-03-04,2,299.72,1791.35,False,em_risco,MG,M,25-34
CLI-000759,ecommerce,maquiagem,2023-10-11,2024-04-10,2,207.35,675.32,False,em_risco,RJ,F,25-34
CLI-000760,ecommerce,perfumes,2024-09-29,2024-12-31,1,241.22,533.65,False,inativo,SP,F,45-54
CLI-000761,ecommerce,perfumes,2024-04-23,2024-04-25,3,321.67,2595.17,True,ativo,DF,F,35-44
CLI-000762,ecommerce,skincare,2024-06-08,2024-12-31,1,310.66,473.98,False,ativo,SP,F,18-24
CLI-000763,franquia,perfumes,2024-07-30,2024-09-01,2,300.2,1261.2,False,inativo,SP,M,25-34
CLI-000764,marketplace,skincare,2023-08-11,2024-05-20,6,339.05,3595.64,True,ativo,SP,F,18-24
CLI-000765,franquia,skincare,2023-06-13,2024-05-02,6,240.51,3720.25,True,inativo,SP,F,25-34
CLI-000766,loja_propria,skincare,2023-02-10,2023-03-29,2,376.5,2047.06,False,ativo,PE,F,25-34
CLI-000767,marketplace,haircare,2023-11-02,2024-01-23,2,167.59,938.86,False,ativo,PR,F,18-24
CLI-000768,marketplace,haircare,2023-03-21,2023-10-13,3,208.89,1036.88,True,em_risco,DF,NI,25-34
CLI-000769,loja_propria,haircare,2023-09-20,2024-06-25,2,65.58,306.86,False,em_risco,SP,F,25-34
CLI-000770,marketplace,haircare,2024-05-31,2024-12-31,3,198.96,1122.51,True,em_risco,SP,F,18-24
CLI-000771,ecommerce,haircare,2023-11-13,2024-10-25,2,183.85,831.75,False,ativo,PR,F,25-34
CLI-000772,loja_propria,haircare,2023-09-09,2024-05-29,2,87.39,289.78,False,ativo,RJ,F,25-34
CLI-000773,ecommerce,perfumes,2023-10-15,2024-08-25,6,313.85,3315.24,True,em_risco,RJ,M,25-34
CLI-000774,ecommerce,skincare,2024-03-10,2024-08-18,4,219.13,2417.58,True,em_risco,BA,F,25-34
CLI-000775,ecommerce,maquiagem,2023-07-01,2023-10-06,3,51.23,421.54,True,ativo,DF,M,25-34
CLI-000776,ecommerce,perfumes,2023-08-22,2024-08-16,1,358.63,941.91,False,em_risco,PE,F,55+
CLI-000777,ecommerce,perfumes,2024-08-31,2024-11-10,3,524.47,2707.82,True,inativo,SP,F,45-54
CLI-000778,ecommerce,maquiagem,2023-02-16,2023-09-04,1,171.64,263.22,False,ativo,RJ,F,45-54
CLI-000779,franquia,perfumes,2024-01-29,2024-05-01,4,137.12,1395.28,True,ativo,RJ,M,18-24
CLI-000780,marketplace,haircare,2023-07-18,2024-07-29,2,199.81,785.38,False,ativo,MG,F,45-54
CLI-000781,franquia,perfumes,2023-07-02,2024-05-25,6,336.59,4152.68,True,inativo,MG,F,18-24
CLI-000782,marketplace,maquiagem,2023-10-14,2024-11-06,2,51.65,305.76,False,ativo,MG,M,25-34
CLI-000783,franquia,maquiagem,2024-08-20,2024-11-19,12,96.62,2037.55,True,em_risco,MG,F,25-34
CLI-000784,franquia,skincare,2023-01-15,2023-04-21,2,359.29,1223.56,False,em_risco,RJ,F,18-24
CLI-000785,loja_propria,haircare,2024-08-31,2024-12-31,1,248.97,551.73,False,em_risco,SP,M,45-54
CLI-000786,ecommerce,haircare,2023-06-30,2024-07-02,3,154.1,1296.35,True,inativo,SC,F,35-44
CLI-000787,franquia,skincare,2024-07-17,2024-09-29,1,181.4,333.51,False,em_risco,SC,M,35-44
CLI-000788,franquia,skincare,2023-02-10,2023-03-26,2,175.1,657.91,False,inativo,RS,F,25-34
CLI-000789,ecommerce,perfumes,2024-04-29,2024-10-24,3,429.23,2682.56,True,em_risco,RJ,F,25-34
CLI-000790,marketplace,perfumes,2024-08-13,2024-11-21,1,321.77,637.6,False,ativo,RS,F,25-34
CLI-000791,loja_propria,skincare,2023-04-02,2024-05-01,3,161.14,821.62,True,em_risco,SP,M,35-44
CLI-000792,ecommerce,maquiagem,2024-02-22,2024-06-04,2,81.04,334.77,False,inativo,SP,M,25-34
CLI-000793,marketplace,perfumes,2023-05-01,2024-05-12,3,476.24,3784.41,True,ativo,SP,F,25-34
CLI-000794,marketplace,skincare,2024-01-22,2024-11-24,1,150.51,449.37,False,ativo,RJ,F,25-34
CLI-000795,ecommerce,perfumes,2023-09-06,2023-12-25,4,474.32,5684.75,True,ativo,SP,F,18-24
CLI-000796,ecommerce,skincare,2023-12-07,2024-09-14,1,294.92,580.87,False,em_risco,PR,M,18-24
CLI-000797,franquia,perfumes,2023-11-03,2024-11-24,4,273.85,2999.86,True,inativo,PR,F,35-44
CLI-000798,ecommerce,haircare,2023-05-07,2023-08-13,3,213.22,1889.18,True,inativo,SC,M,25-34
CLI-000799,marketplace,maquiagem,2024-04-16,2024-10-05,4,87.78,913.46,True,ativo,RS,F,45-54
CLI-000800,marketplace,haircare,2024-09-13,2024-12-31,4,106.19,818.82,True,em_risco,PR,F,35-44
CLI-000801,ecommerce,maquiagem,2023-11-10,2024-10-25,12,69.84,1934.07,True,ativo,DF,M,45-54
CLI-000802,ecommerce,skincare,2024-04-13,2024-07-23,3,220.45,1538.11,True,ativo,SP,F,25-34
CLI-000803,marketplace,perfumes,2024-04-24,2024-10-23,2,477.69,1454.49,False,ativo,DF,F,35-44
CLI-000804,loja_propria,skincare,2024-06-23,2024-12-31,3,338.19,2599.45,True,ativo,GO,F,25-34
CLI-000805,ecommerce,haircare,2023-07-25,2024-03-12,3,195.83,1542.36,True,ativo,SP,F,18-24
CLI-000806,ecommerce,maquiagem,2024-09-18,2024-10-20,4,184.27,1551.98,True,ativo,RJ,F,35-44
CLI-000807,ecommerce,skincare,2023-12-14,2024-01-10,3,110.89,958.9,True,ativo,SP,F,18-24
CLI-000808,marketplace,maquiagem,2024-06-18,2024-08-23,3,197.8,897.96,True,ativo,SC,F,25-34
CLI-000809,marketplace,skincare,2023-05-26,2024-04-08,2,213.4,773.89,False,em_risco,GO,F,55+
CLI-000810,loja_propria,skincare,2023-12-13,2024-03-31,1,278.69,589.99,False,em_risco,PE,M,25-34
CLI-000811,ecommerce,perfumes,2024-07-13,2024-12-31,2,222.85,878.25,False,inativo,SP,F,18-24
CLI-000812,ecommerce,skincare,2023-10-16,2024-09-03,4,272.6,1667.02,True,ativo,RJ,F,25-34
CLI-000813,loja_propria,skincare,2023-07-04,2023-12-19,2,253.14,996.84,False,inativo,BA,F,25-34
CLI-000814,marketplace,skincare,2024-08-06,2024-12-31,3,252.09,1319.16,True,em_risco,BA,F,55+
CLI-000815,franquia,haircare,2023-06-21,2024-03-12,2,122.83,692.37,False,inativo,SP,M,25-34
CLI-000816,franquia,skincare,2023-04-21,2024-05-11,2,369.1,1183.28,False,inativo,SP,F,25-34
CLI-000817,ecommerce,maquiagem,2024-06-17,2024-12-31,1,78.94,181.48,False,ativo,SP,F,35-44
CLI-000818,franquia,haircare,2023-03-04,2023-08-08,2,185.86,785.64,False,ativo,SC,F,25-34
CLI-000819,marketplace,skincare,2023-02-24,2024-03-13,4,390.97,4073.82,True,em_risco,MG,F,45-54
CLI-000820,loja_propria,haircare,2024-01-12,2024-05-06,6,253.96,3950.23,True,ativo,SP,F,35-44
CLI-000821,franquia,perfumes,2023-02-14,2023-06-07,1,214.71,453.8,False,em_risco,MG,F,18-24
CLI-000822,loja_propria,skincare,2023-07-13,2024-01-21,1,104.01,283.61,False,inativo,SP,F,35-44
CLI-000823,marketplace,perfumes,2024-03-24,2024-12-31,4,289.76,3269.87,True,inativo,SP,M,45-54
CLI-000824,franquia,skincare,2023-01-17,2023-06-30,2,289.1,1318.04,False,ativo,SP,F,55+
CLI-000825,loja_propria,skincare,2024-01-01,2024-03-08,3,328.3,1951.66,True,inativo,SP,F,35-44
CLI-000826,franquia,skincare,2023-03-27,2023-07-04,2,261.98,945.6,False,inativo,SP,F,18-24
CLI-000827,ecommerce,perfumes,2024-07-08,2024-12-31,2,297.37,1249.2,False,inativo,DF,F,45-54
CLI-000828,loja_propria,perfumes,2023-07-31,2024-07-04,1,528.93,1389.39,False,ativo,PE,F,35-44
CLI-000829,marketplace,haircare,2024-04-26,2024-12-19,2,160.62,504.54,False,ativo,SP,F,18-24
CLI-000830,marketplace,haircare,2023-06-15,2023-06-20,3,263.88,2328.0,True,inativo,RJ,F,25-34
CLI-000831,franquia,skincare,2024-01-15,2024-08-22,2,304.07,1126.69,False,inativo,SP,F,35-44
CLI-000832,ecommerce,maquiagem,2024-01-03,2024-10-07,3,80.58,370.7,True,em_risco,BA,F,18-24
CLI-000833,ecommerce,perfumes,2024-04-23,2024-10-07,2,181.94,967.24,False,inativo,SP,F,55+
CLI-000834,ecommerce,maquiagem,2024-04-06,2024-12-31,3,163.16,1037.79,True,em_risco,RS,F,35-44
CLI-000835,ecommerce,maquiagem,2024-09-23,2024-12-31,2,111.21,608.52,False,ativo,SP,F,35-44
CLI-000836,marketplace,maquiagem,2024-04-27,2024-12-31,2,203.13,1025.1,False,ativo,SP,F,45-54
CLI-000837,ecommerce,maquiagem,2023-06-08,2023-09-13,2,158.32,717.65,False,ativo,SP,F,35-44
CLI-000838,loja_propria,maquiagem,2023-04-22,2023-06-01,3,96.71,659.2,True,em_risco,RJ,M,45-54
CLI-000839,marketplace,perfumes,2023-04-26,2023-06-14,1,265.11,575.15,False,inativo,SP,F,25-34
CLI-000840,marketplace,maquiagem,2024-01-22,2024-10-02,1,50.71,151.47,False,em_risco,RJ,F,35-44
CLI-000841,ecommerce,perfumes,2024-02-11,2024-12-31,2,458.24,1509.48,False,em_risco,RJ,F,55+
CLI-000842,ecommerce,haircare,2023-08-19,2024-05-13,1,260.44,691.33,False,inativo,SP,F,45-54
CLI-000843,ecommerce,skincare,2024-02-18,2024-12-31,6,395.36,5169.01,True,ativo,SP,F,25-34
CLI-000844,marketplace,maquiagem,2024-10-05,2024-12-31,3,203.59,1409.22,True,ativo,RJ,F,45-54
CLI-000845,ecommerce,perfumes,2023-08-27,2023-11-12,4,227.74,1810.88,True,ativo,SC,M,45-54
CLI-000846,franquia,maquiagem,2024-06-28,2024-11-08,3,115.44,726.47,True,inativo,DF,M,18-24
CLI-000847,ecommerce,maquiagem,2023-08-31,2023-08-31,2,169.66,616.08,False,ativo,MG,M,18-24
CLI-000848,ecommerce,haircare,2023-07-12,2024-06-10,1,232.74,571.78,False,ativo,BA,F,18-24
CLI-000849,marketplace,maquiagem,2024-07-20,2024-12-31,6,152.0,2041.34,True,em_risco,SC,F,25-34
CLI-000850,franquia,maquiagem,2024-08-11,2024-12-31,1,202.39,327.14,False,em_risco,SP,F,25-34
CLI-000851,franquia,haircare,2024-03-07,2024-12-31,2,246.73,751.41,False,em_risco,SP,M,25-34
CLI-000852,ecommerce,skincare,2023-12-16,2024-08-16,1,335.71,955.06,False,ativo,SP,F,25-34
CLI-000853,ecommerce,skincare,2023-07-21,2023-10-07,2,104.24,607.03,False,inativo,MG,NI,18-24
CLI-000854,franquia,skincare,2023-05-01,2023-06-16,3,254.05,1519.71,True,ativo,DF,F,18-24
CLI-000855,franquia,maquiagem,2023-12-25,2024-01-07,2,144.45,600.07,False,inativo,MG,F,35-44
CLI-000856,loja_propria,skincare,2024-04-07,2024-09-11,1,303.35,887.83,False,em_risco,MG,M,35-44
CLI-000857,marketplace,perfumes,2024-05-07,2024-12-31,1,268.88,795.94,False,inativo,RS,F,18-24
CLI-000858,franquia,perfumes,2023-08-20,2024-04-15,2,426.35,1422.23,False,ativo,SP,F,45-54
CLI-000859,marketplace,haircare,2023-05-16,2023-11-19,6,173.91,2998.2,True,ativo,RS,F,25-34
CLI-000860,marketplace,maquiagem,2023-03-10,2023-12-27,2,112.32,521.55,False,ativo,GO,F,35-44
CLI-000861,franquia,maquiagem,2023-03-22,2023-10-04,4,87.76,865.8,True,ativo,PE,F,25-34
CLI-000862,marketplace,maquiagem,2024-09-02,2024-12-31,3,126.33,1036.5,True,ativo,SP,M,18-24
CLI-000863,franquia,skincare,2024-03-21,2024-06-05,3,243.58,1293.58,True,ativo,SP,M,55+
CLI-000864,franquia,maquiagem,2023-06-16,2024-03-27,12,159.42,4011.84,True,inativo,SP,F,25-34
CLI-000865,ecommerce,skincare,2023-04-25,2024-05-04,4,207.89,1555.8,True,ativo,SP,M,25-34
CLI-000866,ecommerce,maquiagem,2023-06-05,2023-07-22,6,146.73,1464.35,True,inativo,RJ,F,25-34
CLI-000867,marketplace,maquiagem,2024-09-13,2024-12-31,1,208.6,559.92,False,inativo,RJ,F,18-24
CLI-000868,ecommerce,skincare,2023-08-14,2024-08-23,12,343.45,11010.36,True,ativo,PR,NI,35-44
CLI-000869,marketplace,haircare,2024-05-10,2024-12-31,4,60.12,555.83,True,ativo,MG,M,35-44
CLI-000870,loja_propria,haircare,2024-07-15,2024-12-31,2,190.79,620.49,False,ativo,PR,F,35-44
CLI-000871,ecommerce,maquiagem,2024-05-12,2024-07-12,2,118.03,550.22,False,em_risco,RJ,M,35-44
CLI-000872,franquia,haircare,2023-11-06,2024-08-17,12,83.87,2791.45,True,ativo,PR,F,25-34
CLI-000873,loja_propria,perfumes,2024-06-21,2024-12-31,4,502.84,3566.92,True,ativo,RJ,F,45-54
CLI-000874,franquia,haircare,2023-07-30,2024-07-27,1,142.25,239.84,False,inativo,RJ,F,25-34
CLI-000875,marketplace,skincare,2023-01-25,2023-04-20,3,136.46,1212.57,True,ativo,SC,F,25-34
CLI-000876,ecommerce,skincare,2023-10-13,2024-03-22,12,208.54,5084.89,True,ativo,SC,F,25-34
CLI-000877,ecommerce,haircare,2023-01-28,2023-12-10,1,176.69,347.18,False,ativo,RJ,M,25-34
CLI-000878,ecommerce,skincare,2023-02-24,2023-08-23,2,196.73,1054.62,False,ativo,MG,NI,35-44
CLI-000879,ecommerce,perfumes,2023-05-26,2023-09-06,1,456.26,855.78,False,inativo,SP,F,35-44
CLI-000880,marketplace,skincare,2023-12-05,2024-05-25,1,381.11,596.21,False,ativo,SP,F,25-34
CLI-000881,loja_propria,perfumes,2024-04-03,2024-10-09,1,505.4,1460.88,False,inativo,RJ,F,18-24
CLI-000882,marketplace,skincare,2024-06-01,2024-06-22,3,131.15,995.42,True,inativo,GO,NI,35-44
CLI-000883,loja_propria,maquiagem,2023-12-30,2024-02-12,3,139.75,1126.69,True,inativo,MG,F,35-44
CLI-000884,ecommerce,maquiagem,2023-03-12,2023-06-14,4,101.68,822.28,True,inativo,SP,F,35-44
CLI-000885,loja_propria,skincare,2024-06-03,2024-08-04,4,255.62,1817.25,True,em_risco,SP,F,35-44
CLI-000886,ecommerce,haircare,2024-03-29,2024-07-04,2,249.89,1424.42,False,inativo,SP,F,18-24
CLI-000887,ecommerce,maquiagem,2023-05-15,2024-02-05,2,130.82,553.55,False,ativo,RJ,F,35-44
CLI-000888,ecommerce,skincare,2024-01-23,2024-11-04,1,98.94,269.59,False,ativo,BA,F,35-44
CLI-000889,ecommerce,perfumes,2024-08-04,2024-12-31,4,151.9,1519.16,True,ativo,RS,F,18-24
CLI-000890,ecommerce,haircare,2023-04-02,2024-04-11,1,157.55,256.86,False,ativo,RJ,F,25-34
CLI-000891,franquia,skincare,2024-02-12,2024-12-10,2,375.78,2018.38,False,inativo,RS,F,35-44
CLI-000892,ecommerce,skincare,2024-09-18,2024-12-31,3,284.59,2049.29,True,em_risco,SC,F,35-44
CLI-000893,ecommerce,haircare,2023-09-15,2024-01-18,1,211.07,626.11,False,ativo,MG,F,25-34
CLI-000894,ecommerce,skincare,2023-12-01,2024-07-04,2,94.78,287.0,False,ativo,SP,NI,25-34
CLI-000895,loja_propria,skincare,2024-09-23,2024-12-31,4,311.56,3369.04,True,ativo,SP,F,18-24
CLI-000896,ecommerce,perfumes,2023-11-24,2024-11-09,4,197.36,1375.49,True,em_risco,RJ,F,45-54
CLI-000897,ecommerce,skincare,2023-03-29,2023-06-22,2,354.46,1423.53,False,ativo,SP,F,45-54
CLI-000898,loja_propria,haircare,2024-07-18,2024-09-27,4,80.26,743.28,True,em_risco,PR,NI,25-34
CLI-000899,ecommerce,perfumes,2023-02-23,2023-09-12,1,290.44,674.35,False,em_risco,SC,F,18-24
CLI-000900,loja_propria,skincare,2023-03-25,2024-01-19,6,146.01,2289.9,True,em_risco,RJ,F,35-44
CLI-000901,ecommerce,perfumes,2023-10-13,2024-07-05,2,398.88,2025.93,False,ativo,MG,M,18-24
CLI-000902,loja_propria,maquiagem,2023-11-14,2024-04-23,12,127.57,3358.29,True,ativo,SP,NI,45-54
CLI-000903,franquia,maquiagem,2023-06-05,2023-10-24,3,172.65,1103.21,True,ativo,SP,NI,45-54
CLI-000904,ecommerce,haircare,2024-03-19,2024-07-31,3,198.87,925.99,True,ativo,GO,F,45-54
CLI-000905,ecommerce,maquiagem,2023-05-21,2023-08-07,3,128.12,871.29,True,ativo,SP,F,25-34
CLI-000906,franquia,skincare,2023-06-19,2024-05-17,1,335.75,521.18,False,em_risco,RS,F,35-44
CLI-000907,marketplace,skincare,2023-10-10,2024-10-06,12,380.96,11902.19,True,inativo,SP,F,55+
CLI-000908,franquia,perfumes,2023-01-05,2023-07-23,1,324.63,927.51,False,ativo,SP,F,45-54
CLI-000909,marketplace,skincare,2023-02-05,2024-01-10,12,166.94,5808.83,True,inativo,SP,F,25-34
CLI-000910,loja_propria,haircare,2023-07-11,2024-06-28,4,100.39,725.0,True,ativo,SP,M,25-34
CLI-000911,franquia,perfumes,2023-08-26,2024-06-18,3,410.62,3610.51,True,inativo,BA,F,25-34
CLI-000912,franquia,haircare,2023-02-08,2023-07-11,2,95.75,310.04,False,em_risco,SP,F,45-54
CLI-000913,franquia,maquiagem,2023-04-13,2024-02-12,3,82.63,425.59,True,em_risco,MG,F,25-34
CLI-000914,ecommerce,haircare,2023-03-04,2023-10-15,2,169.87,546.16,False,ativo,SP,F,45-54
CLI-000915,franquia,skincare,2024-01-17,2024-03-07,2,394.56,1355.52,False,inativo,RS,F,18-24
CLI-000916,marketplace,maquiagem,2023-11-25,2023-11-27,4,165.78,1843.89,True,em_risco,SP,F,35-44
CLI-000917,ecommerce,maquiagem,2023-11-07,2024-06-21,6,164.29,1907.68,True,ativo,SP,F,18-24
CLI-000918,ecommerce,skincare,2023-04-10,2024-03-30,2,103.84,372.21,False,ativo,DF,M,25-34
CLI-000919,loja_propria,skincare,2024-04-26,2024-12-31,12,358.27,12505.51,True,inativo,SP,F,55+
CLI-000920,marketplace,skincare,2023-09-14,2023-09-18,6,373.83,3636.07,True,ativo,RJ,NI,35-44
CLI-000921,franquia,maquiagem,2024-08-28,2024-12-31,2,204.34,1056.79,False,ativo,MG,F,18-24
CLI-000922,ecommerce,perfumes,2024-03-09,2024-12-31,12,350.56,12137.15,True,inativo,RJ,F,25-34
CLI-000923,loja_propria,maquiagem,2023-05-16,2023-11-13,3,189.04,1364.9,True,ativo,SP,F,35-44
CLI-000924,ecommerce,haircare,2024-04-04,2024-10-26,1,239.15,715.07,False,ativo,SP,M,35-44
CLI-000925,ecommerce,maquiagem,2024-02-24,2024-04-10,1,65.67,125.31,False,inativo,SP,F,55+
CLI-000926,loja_propria,haircare,2023-12-21,2024-07-22,6,208.77,2914.3,True,ativo,BA,F,35-44
CLI-000927,marketplace,skincare,2024-05-09,2024-05-31,12,368.1,11374.43,True,ativo,SC,F,25-34
CLI-000928,ecommerce,perfumes,2024-06-13,2024-12-31,2,126.85,665.03,False,ativo,BA,F,18-24
CLI-000929,franquia,maquiagem,2023-05-24,2024-02-09,2,195.03,638.04,False,ativo,RJ,F,55+
CLI-000930,loja_propria,skincare,2023-03-25,2024-01-23,1,382.31,929.24,False,inativo,BA,M,55+
CLI-000931,ecommerce,haircare,2024-05-06,2024-12-31,3,145.58,877.39,True,ativo,PR,F,35-44
CLI-000932,ecommerce,haircare,2024-08-22,2024-12-31,2,122.41,586.33,False,em_risco,MG,F,35-44
CLI-000933,franquia,skincare,2024-08-21,2024-12-31,3,374.14,2867.68,True,inativo,MG,M,18-24
CLI-000934,ecommerce,perfumes,2023-07-17,2023-10-26,3,193.07,1356.14,True,ativo,RJ,M,35-44
CLI-000935,marketplace,haircare,2024-10-06,2024-12-31,2,106.99,512.37,False,ativo,PR,F,45-54
CLI-000936,ecommerce,haircare,2024-09-16,2024-12-31,3,77.56,453.17,True,ativo,SC,F,35-44
CLI-000937,marketplace,skincare,2023-09-08,2024-06-29,1,150.83,304.32,False,ativo,RJ,F,45-54
CLI-000938,ecommerce,haircare,2024-01-20,2024-03-10,4,250.9,2441.24,True,ativo,SP,F,25-34
CLI-000939,ecommerce,perfumes,2023-03-20,2024-02-14,2,447.03,2602.05,False,inativo,SP,F,35-44
CLI-000940,loja_propria,perfumes,2023-08-02,2023-12-11,12,487.2,16411.96,True,inativo,SP,F,45-54
CLI-000941,ecommerce,maquiagem,2023-02-04,2023-12-10,3,86.93,763.9,True,ativo,SP,M,18-24
CLI-000942,ecommerce,perfumes,2023-06-24,2024-01-17,3,503.59,3647.76,True,ativo,SP,M,25-34
CLI-000943,franquia,skincare,2023-09-12,2024-04-09,3,281.97,1782.73,True,ativo,DF,F,45-54
CLI-000944,marketplace,perfumes,2023-12-04,2024-07-27,3,315.1,1534.62,True,ativo,MG,M,35-44
CLI-000945,marketplace,haircare,2023-05-16,2023-11-06,3,117.34,792.08,True,ativo,RJ,NI,18-24
CLI-000946,ecommerce,skincare,2023-10-11,2024-06-18,6,312.72,3604.4,True,ativo,MG,F,55+
CLI-000947,ecommerce,maquiagem,2024-03-21,2024-12-31,1,113.74,220.4,False,ativo,SP,F,18-24
CLI-000948,marketplace,perfumes,2023-09-18,2024-04-18,2,213.23,701.52,False,em_risco,SC,F,18-24
CLI-000949,ecommerce,skincare,2023-07-14,2023-12-05,4,362.23,3841.44,True,inativo,RJ,F,35-44
CLI-000950,ecommerce,skincare,2023-02-08,2023-12-02,4,234.66,1672.22,True,ativo,RJ,F,55+
CLI-000951,marketplace,skincare,2023-01-05,2023-01-08,1,296.85,613.25,False,em_risco,SP,F,45-54
CLI-000952,ecommerce,maquiagem,2023-11-22,2024-09-14,3,172.49,1171.84,True,em_risco,RJ,M,45-54
CLI-000953,marketplace,perfumes,2024-10-10,2024-11-20,3,518.72,2794.03,True,ativo,PR,F,35-44
CLI-000954,marketplace,haircare,2023-03-06,2023-06-01,4,77.49,624.95,True,inativo,SP,F,35-44
CLI-000955,ecommerce,maquiagem,2024-03-15,2024-06-25,3,118.67,934.05,True,em_risco,RJ,F,35-44
CLI-000956,ecommerce,maquiagem,2023-07-04,2023-07-20,4,105.27,671.54,True,em_risco,PE,F,55+
CLI-000957,ecommerce,perfumes,2023-11-07,2024-04-02,2,155.76,769.67,False,ativo,SP,M,25-34
CLI-000958,ecommerce,perfumes,2024-09-10,2024-12-31,4,277.38,2935.86,True,inativo,MG,M,35-44
CLI-000959,loja_propria,skincare,2023-03-15,2023-10-08,12,90.18,2824.56,True,inativo,RJ,M,55+
CLI-000960,marketplace,haircare,2024-01-26,2024-10-21,2,83.57,347.59,False,inativo,RJ,F,25-34
CLI-000961,marketplace,perfumes,2024-08-01,2024-12-31,2,262.31,1267.19,False,ativo,BA,F,18-24
CLI-000962,ecommerce,perfumes,2024-08-17,2024-12-31,2,498.11,2131.43,False,inativo,BA,F,45-54
CLI-000963,loja_propria,haircare,2023-06-17,2023-07-28,2,200.67,764.39,False,inativo,BA,F,55+
CLI-000964,loja_propria,skincare,2023-01-05,2023-09-03,6,158.72,1818.64,True,ativo,DF,F,45-54
CLI-000965,franquia,skincare,2023-01-08,2023-03-12,4,288.32,2566.48,True,ativo,RS,F,25-34
CLI-000966,marketplace,skincare,2024-01-17,2024-09-25,3,246.17,1724.65,True,ativo,RS,F,35-44
CLI-000967,marketplace,skincare,2024-02-24,2024-10-08,6,283.82,4049.8,True,ativo,BA,F,25-34
CLI-000968,ecommerce,maquiagem,2024-09-19,2024-12-31,4,188.59,1797.78,True,ativo,SP,F,18-24
CLI-000969,ecommerce,maquiagem,2023-06-10,2023-10-02,2,109.25,606.83,False,inativo,BA,F,45-54
CLI-000970,ecommerce,maquiagem,2023-02-20,2023-09-13,6,156.78,2142.86,True,ativo,RJ,F,35-44
CLI-000971,loja_propria,haircare,2023-10-18,2024-05-23,1,216.94,629.77,False,em_risco,RJ,F,25-34
CLI-000972,ecommerce,haircare,2023-01-08,2023-02-03,6,86.93,1181.64,True,em_risco,SP,F,35-44
CLI-000973,marketplace,maquiagem,2023-07-06,2024-02-02,3,175.37,847.44,True,ativo,SC,F,55+
CLI-000974,loja_propria,perfumes,2024-07-08,2024-11-22,12,359.99,11041.44,True,ativo,SP,F,35-44
CLI-000975,ecommerce,haircare,2024-03-19,2024-12-31,6,106.27,1799.18,True,ativo,MG,F,25-34
CLI-000976,franquia,haircare,2024-05-14,2024-08-23,2,134.2,705.21,False,inativo,MG,F,45-54
CLI-000977,ecommerce,skincare,2024-05-28,2024-12-31,2,236.0,1397.44,False,ativo,SP,F,45-54
CLI-000978,marketplace,haircare,2024-02-22,2024-08-14,12,89.02,2227.85,True,ativo,SP,F,35-44
CLI-000979,ecommerce,skincare,2023-02-17,2024-03-14,3,355.3,2072.5,True,ativo,SP,F,25-34
CLI-000980,franquia,maquiagem,2024-03-14,2024-12-31,6,134.82,1618.83,True,ativo,SC,F,35-44
CLI-000981,ecommerce,skincare,2024-01-09,2024-10-28,3,356.79,2676.16,True,ativo,BA,M,25-34
CLI-000982,marketplace,maquiagem,2023-02-19,2024-03-21,4,83.69,661.27,True,ativo,BA,M,45-54
CLI-000983,ecommerce,skincare,2023-04-08,2023-08-08,4,389.37,4095.73,True,ativo,PR,M,55+
CLI-000984,loja_propria,haircare,2023-12-15,2024-08-11,2,93.86,417.1,False,em_risco,SP,F,18-24
CLI-000985,ecommerce,perfumes,2023-03-28,2023-05-28,1,432.17,744.64,False,em_risco,PE,F,25-34
CLI-000986,loja_propria,maquiagem,2024-03-25,2024-11-14,4,155.04,1579.59,True,em_risco,SP,M,35-44
CLI-000987,marketplace,perfumes,2023-02-14,2023-08-11,1,169.81,418.67,False,ativo,SP,M,25-34
CLI-000988,ecommerce,maquiagem,2023-06-28,2023-08-21,3,115.63,699.54,True,em_risco,SP,F,35-44
CLI-000989,franquia,haircare,2023-01-31,2023-10-26,1,149.85,350.98,False,ativo,SC,M,25-34
CLI-000990,marketplace,haircare,2023-02-26,2023-05-02,3,187.88,914.93,True,em_risco,MG,M,55+
CLI-000991,marketplace,perfumes,2023-12-30,2024-12-08,2,512.81,2646.92,False,ativo,PR,F,55+
CLI-000992,ecommerce,skincare,2023-11-15,2024-05-09,3,200.23,924.08,True,ativo,MG,M,45-54
CLI-000993,marketplace,skincare,2024-02-29,2024-12-31,6,253.72,3029.04,True,inativo,SP,F,25-34
CLI-000994,loja_propria,skincare,2023-05-05,2023-06-23,3,204.97,1329.76,True,ativo,RJ,M,25-34
CLI-000995,ecommerce,maquiagem,2023-05-03,2023-07-15,2,202.58,750.72,False,ativo,PR,F,45-54
CLI-000996,franquia,perfumes,2023-07-28,2024-01-01,3,228.89,1759.24,True,inativo,RS,F,35-44
CLI-000997,marketplace,haircare,2023-04-22,2023-10-16,3,257.09,1205.64,True,inativo,RJ,F,35-44
CLI-000998,marketplace,skincare,2023-11-01,2024-06-26,2,384.57,1646.17,False,ativo,SP,M,35-44
CLI-000999,marketplace,perfumes,2023-11-10,2024-05-25,1,172.74,274.69,False,inativo,SP,F,35-44
CLI-001000,franquia,maquiagem,2023-06-10,2023-07-10,1,59.34,109.65,False,ativo,MG,F,55+
CLI-001001,marketplace,perfumes,2024-04-27,2024-06-05,2,297.71,1246.16,False,ativo,MG,F,25-34
CLI-001002,ecommerce,maquiagem,2023-09-11,2024-06-22,2,141.69,710.72,False,ativo,RJ,F,18-24
CLI-001003,ecommerce,maquiagem,2023-08-18,2023-09-30,2,96.35,330.41,False,ativo,RS,F,18-24
CLI-001004,franquia,skincare,2024-07-02,2024-08-15,6,365.88,4404.49,True,ativo,PE,F,25-34
CLI-001005,ecommerce,skincare,2024-08-30,2024-10-22,6,105.77,1502.15,True,em_risco,RS,F,25-34
CLI-001006,loja_propria,perfumes,2023-06-15,2024-03-20,2,275.03,1236.06,False,ativo,MG,NI,25-34
CLI-001007,ecommerce,haircare,2024-06-13,2024-07-25,6,78.6,918.37,True,em_risco,RS,M,18-24
CLI-001008,ecommerce,haircare,2024-06-06,2024-12-31,2,141.81,824.06,False,ativo,SP,F,25-34
CLI-001009,ecommerce,haircare,2024-10-05,2024-12-31,4,94.88,1072.25,True,ativo,SP,F,25-34
CLI-001010,ecommerce,maquiagem,2023-04-15,2023-08-02,2,152.73,614.16,False,em_risco,MG,NI,25-34
CLI-001011,ecommerce,maquiagem,2024-09-12,2024-12-31,2,54.41,251.4,False,inativo,BA,F,25-34
CLI-001012,ecommerce,perfumes,2023-08-05,2024-03-14,3,499.35,3981.26,True,em_risco,PE,F,35-44
CLI-001013,ecommerce,perfumes,2024-04-23,2024-06-13,1,363.05,967.78,False,ativo,RS,M,35-44
CLI-001014,loja_propria,maquiagem,2023-12-17,2024-12-29,1,80.44,149.8,False,ativo,SP,F,45-54
CLI-001015,ecommerce,maquiagem,2023-03-20,2024-01-08,2,124.72,525.11,False,ativo,SP,NI,18-24
CLI-001016,franquia,haircare,2023-05-14,2023-07-14,2,99.87,563.04,False,ativo,SP,F,25-34
CLI-001017,franquia,haircare,2024-06-09,2024-10-22,4,184.01,1402.24,True,ativo,MG,M,35-44
CLI-001018,ecommerce,skincare,2023-05-14,2023-08-18,1,219.94,335.26,False,em_risco,SP,F,18-24
CLI-001019,loja_propria,maquiagem,2023-08-20,2024-04-02,6,56.91,534.67,True,inativo,GO,F,55+
CLI-001020,loja_propria,haircare,2023-04-05,2023-04-29,4,176.98,1334.9,True,inativo,MG,F,25-34
CLI-001021,ecommerce,skincare,2024-09-13,2024-12-31,12,364.57,8941.02,True,em_risco,SC,F,25-34
CLI-001022,loja_propria,haircare,2024-02-27,2024-09-09,3,71.72,634.19,True,em_risco,RS,F,35-44
CLI-001023,ecommerce,maquiagem,2024-06-07,2024-12-31,1,87.42,202.41,False,em_risco,SP,F,55+
CLI-001024,marketplace,skincare,2024-05-14,2024-12-31,3,351.42,3122.88,True,ativo,MG,M,45-54
CLI-001025,ecommerce,skincare,2023-09-26,2024-09-01,3,331.98,1785.88,True,ativo,SP,M,18-24
CLI-001026,ecommerce,maquiagem,2023-04-12,2023-11-10,2,143.68,789.82,False,ativo,SP,F,25-34
CLI-001027,marketplace,skincare,2023-06-16,2024-06-22,3,150.89,904.73,True,em_risco,MG,F,35-44
CLI-001028,ecommerce,haircare,2024-08-24,2024-12-31,3,231.94,1152.33,True,ativo,SP,F,45-54
CLI-001029,ecommerce,skincare,2023-12-12,2024-02-25,4,387.42,2876.02,True,ativo,MG,F,35-44
CLI-001030,marketplace,maquiagem,2023-05-26,2024-04-26,6,167.24,2440.39,True,ativo,SP,F,18-24
CLI-001031,ecommerce,perfumes,2023-09-14,2024-07-26,4,227.56,2594.5,True,inativo,SP,F,25-34
CLI-001032,ecommerce,skincare,2023-12-10,2024-07-09,4,203.9,2352.89,True,inativo,PR,F,25-34
CLI-001033,marketplace,skincare,2024-03-01,2024-08-22,3,263.92,2219.06,True,em_risco,SP,F,35-44
CLI-001034,loja_propria,skincare,2024-04-17,2024-07-10,12,253.36,4615.56,True,ativo,SC,F,45-54
CLI-001035,franquia,haircare,2024-04-21,2024-09-02,3,170.61,1179.19,True,em_risco,SP,M,25-34
CLI-001036,franquia,skincare,2023-05-23,2024-02-20,2,190.95,994.55,False,ativo,RS,F,45-54
CLI-001037,ecommerce,skincare,2023-01-28,2023-02-21,1,100.82,158.85,False,ativo,RS,NI,18-24
CLI-001038,marketplace,perfumes,2024-01-21,2024-08-08,1,515.78,954.6,False,em_risco,DF,F,18-24
CLI-001039,loja_propria,perfumes,2023-07-09,2024-07-18,3,338.83,1616.34,True,ativo,SP,F,25-34
CLI-001040,marketplace,maquiagem,2023-01-27,2024-02-22,3,91.7,553.77,True,ativo,MG,F,45-54
CLI-001041,ecommerce,skincare,2023-09-09,2024-05-31,3,283.07,1908.7,True,ativo,MG,F,35-44
CLI-001042,franquia,perfumes,2024-03-06,2024-11-05,2,525.22,1956.34,False,em_risco,PR,M,18-24
CLI-001043,ecommerce,perfumes,2024-06-19,2024-12-31,3,217.18,1868.52,True,inativo,SP,F,18-24
CLI-001044,marketplace,haircare,2023-05-28,2024-05-25,1,244.27,657.56,False,ativo,BA,F,18-24
CLI-001045,ecommerce,skincare,2023-08-06,2024-08-19,6,280.87,3520.78,True,ativo,RJ,F,35-44
CLI-001046,ecommerce,skincare,2024-06-17,2024-12-31,1,190.49,458.6,False,ativo,SC,F,55+
CLI-001047,ecommerce,maquiagem,2023-04-07,2024-03-07,6,145.84,2539.42,True,ativo,RJ,F,18-24
CLI-001048,loja_propria,haircare,2024-04-23,2024-11-22,2,116.01,619.05,False,ativo,SP,F,25-34
CLI-001049,loja_propria,maquiagem,2023-06-04,2023-08-13,1,59.48,150.7,False,inativo,RJ,M,18-24
CLI-001050,ecommerce,perfumes,2023-12-21,2024-09-25,3,398.82,3399.38,True,ativo,SP,F,18-24
CLI-001051,ecommerce,perfumes,2023-01-01,2023-08-08,6,297.31,5083.03,True,em_risco,BA,M,35-44
CLI-001052,loja_propria,skincare,2023-03-27,2023-05-24,4,300.53,2452.2,True,inativo,SP,F,45-54
CLI-001053,marketplace,maquiagem,2023-09-29,2024-09-15,4,78.37,804.74,True,inativo,SP,F,55+
CLI-001054,marketplace,perfumes,2024-06-09,2024-12-31,2,289.44,1654.81,False,ativo,SP,F,35-44
CLI-001055,franquia,skincare,2023-09-23,2023-12-27,1,370.35,1008.69,False,em_risco,MG,M,45-54
CLI-001056,ecommerce,haircare,2023-03-21,2023-05-01,3,117.46,769.9,True,ativo,RS,F,35-44
CLI-001057,ecommerce,perfumes,2024-01-06,2024-03-30,3,489.12,2407.25,True,ativo,MG,F,25-34
CLI-001058,marketplace,skincare,2023-06-25,2023-08-10,6,118.05,1231.49,True,ativo,MG,F,18-24
CLI-001059,franquia,skincare,2023-09-01,2024-06-18,4,317.82,3300.74,True,ativo,BA,NI,35-44
CLI-001060,marketplace,skincare,2023-04-19,2024-04-08,3,93.99,669.87,True,inativo,RS,F,25-34
CLI-001061,ecommerce,haircare,2024-03-12,2024-11-03,2,103.67,414.09,False,ativo,SP,M,18-24
CLI-001062,marketplace,haircare,2023-08-19,2023-09-05,6,263.29,3346.57,True,ativo,SP,F,18-24
CLI-001063,marketplace,skincare,2024-04-07,2024-08-04,3,196.1,1568.81,True,em_risco,DF,NI,35-44
CLI-001064,marketplace,haircare,2024-01-20,2024-06-20,2,190.96,1051.09,False,em_risco,RJ,F,25-34
CLI-001065,ecommerce,maquiagem,2023-08-14,2024-09-14,2,93.24,319.35,False,inativo,SP,F,25-34
CLI-001066,marketplace,maquiagem,2023-10-30,2024-11-17,1,90.28,187.66,False,em_risco,PE,NI,25-34
CLI-001067,franquia,skincare,2024-04-29,2024-12-31,3,165.38,1223.93,True,em_risco,SC,M,25-34
CLI-001068,marketplace,maquiagem,2023-02-18,2023-09-01,3,102.16,896.87,True,ativo,RS,F,18-24
CLI-001069,franquia,perfumes,2023-12-29,2024-01-11,3,353.43,1958.11,True,ativo,RJ,M,25-34
CLI-001070,ecommerce,skincare,2024-07-19,2024-12-03,1,297.42,634.19,False,ativo,SC,F,55+
CLI-001071,loja_propria,maquiagem,2023-01-06,2023-12-27,2,48.55,218.81,False,ativo,GO,F,35-44
CLI-001072,ecommerce,skincare,2023-07-17,2024-06-28,3,205.54,1406.78,True,em_risco,SP,M,25-34
CLI-001073,loja_propria,skincare,2024-02-18,2024-05-26,3,200.84,1021.59,True,ativo,MG,F,25-34
CLI-001074,ecommerce,skincare,2023-06-03,2023-09-15,6,299.17,3882.72,True,ativo,PE,F,35-44
CLI-001075,ecommerce,haircare,2023-07-08,2023-11-27,12,76.43,2707.52,True,ativo,RS,F,35-44
CLI-001076,franquia,perfumes,2024-05-25,2024-10-11,1,423.65,747.64,False,em_risco,SP,M,35-44
CLI-001077,franquia,maquiagem,2023-02-14,2023-06-29,3,179.66,1062.63,True,inativo,SP,M,55+
CLI-001078,marketplace,haircare,2023-04-20,2024-01-24,4,180.04,1229.66,True,inativo,SP,M,18-24
CLI-001079,marketplace,haircare,2024-08-22,2024-12-31,2,105.07,606.31,False,ativo,RS,M,25-34
CLI-001080,ecommerce,skincare,2024-06-21,2024-12-31,4,376.78,3743.35,True,ativo,RJ,F,45-54
CLI-001081,marketplace,skincare,2024-06-29,2024-10-12,6,122.59,2083.49,True,inativo,RS,M,35-44
CLI-001082,marketplace,maquiagem,2023-07-05,2024-07-05,3,107.76,763.91,True,em_risco,GO,F,35-44
CLI-001083,loja_propria,maquiagem,2023-03-05,2024-03-20,3,144.96,771.23,True,inativo,RJ,M,45-54
CLI-001084,ecommerce,maquiagem,2023-02-03,2023-08-04,2,90.51,418.51,False,ativo,BA,M,55+
CLI-001085,loja_propria,skincare,2024-10-06,2024-12-31,2,98.76,380.21,False,ativo,SP,F,25-34
CLI-001086,marketplace,perfumes,2023-07-25,2023-12-08,1,250.07,543.94,False,inativo,RS,F,25-34
CLI-001087,ecommerce,skincare,2024-01-01,2024-10-18,1,386.7,1084.22,False,em_risco,SP,F,25-34
CLI-001088,franquia,skincare,2023-03-13,2023-11-01,1,150.04,383.23,False,em_risco,SP,NI,55+
CLI-001089,ecommerce,haircare,2023-09-21,2023-12-27,3,118.92,1012.92,True,em_risco,PR,F,18-24
CLI-001090,ecommerce,skincare,2023-07-03,2024-03-14,12,192.68,6244.62,True,inativo,SP,NI,18-24
CLI-001091,ecommerce,haircare,2024-03-20,2024-12-31,3,185.89,1494.21,True,em_risco,SP,F,18-24
CLI-001092,ecommerce,skincare,2023-04-13,2024-04-24,3,218.3,1103.35,True,ativo,GO,F,18-24
CLI-001093,marketplace,skincare,2024-02-26,2024-12-22,1,283.8,506.68,False,ativo,DF,F,35-44
CLI-001094,ecommerce,perfumes,2023-09-13,2024-02-05,2,427.97,1940.94,False,ativo,SP,F,25-34
CLI-001095,marketplace,maquiagem,2023-09-16,2024-04-24,2,51.02,181.04,False,ativo,GO,M,25-34
CLI-001096,franquia,perfumes,2024-06-24,2024-12-31,4,350.13,2451.74,True,ativo,DF,F,35-44
CLI-001097,ecommerce,perfumes,2023-09-09,2024-09-24,1,130.74,352.11,False,ativo,RS,NI,35-44
CLI-001098,ecommerce,haircare,2024-05-28,2024-12-31,12,171.72,5422.35,True,ativo,RS,M,35-44
CLI-001099,ecommerce,maquiagem,2023-06-15,2024-02-17,2,159.34,632.41,False,ativo,RJ,F,35-44
CLI-001100,ecommerce,perfumes,2023-07-05,2023-08-31,3,159.02,926.69,True,inativo,RJ,M,55+
CLI-001101,ecommerce,maquiagem,2023-07-12,2024-02-04,3,154.36,1386.44,True,inativo,SP,F,25-34
CLI-001102,marketplace,perfumes,2024-03-08,2024-11-25,1,492.73,833.19,False,ativo,PE,F,18-24
CLI-001103,franquia,skincare,2023-09-30,2024-08-16,4,306.75,2111.15,True,inativo,DF,M,35-44
CLI-001104,franquia,haircare,2023-09-20,2024-08-07,1,96.57,264.7,False,em_risco,SC,F,25-34
CLI-001105,franquia,skincare,2024-02-14,2024-12-31,4,360.5,3157.47,True,ativo,SC,NI,18-24
CLI-001106,franquia,haircare,2023-06-14,2023-07-29,12,227.8,4305.95,True,ativo,BA,F,25-34
CLI-001107,marketplace,haircare,2023-08-09,2024-05-28,2,261.19,1152.08,False,ativo,SP,F,35-44
CLI-001108,ecommerce,maquiagem,2023-02-01,2023-03-03,3,156.34,1189.2,True,ativo,SP,F,18-24
CLI-001109,ecommerce,haircare,2023-01-15,2023-11-08,3,237.96,1878.65,True,inativo,SP,M,25-34
CLI-001110,loja_propria,maquiagem,2023-10-03,2024-04-26,12,52.77,1829.09,True,inativo,PR,M,18-24
CLI-001111,marketplace,skincare,2024-05-21,2024-09-02,1,164.22,284.27,False,inativo,MG,M,25-34
CLI-001112,ecommerce,skincare,2024-03-18,2024-04-28,2,308.73,1037.3,False,inativo,DF,M,18-24
CLI-001113,ecommerce,perfumes,2024-08-07,2024-12-31,2,277.22,1661.3,False,em_risco,RS,F,35-44
CLI-001114,franquia,perfumes,2024-07-11,2024-10-19,3,308.39,1817.39,True,em_risco,MG,F,35-44
CLI-001115,marketplace,skincare,2024-02-24,2024-10-27,1,138.73,415.56,False,ativo,SP,F,35-44
CLI-001116,ecommerce,skincare,2023-10-09,2023-12-18,2,267.66,1031.44,False,inativo,SC,F,25-34
CLI-001117,marketplace,haircare,2023-01-15,2023-09-22,3,79.7,671.2,True,ativo,RS,F,25-34
CLI-001118,franquia,maquiagem,2023-02-27,2023-10-06,3,51.02,385.61,True,ativo,SP,M,25-34
CLI-001119,loja_propria,haircare,2023-10-14,2024-06-09,3,163.22,1293.5,True,inativo,SP,M,35-44
CLI-001120,marketplace,skincare,2024-01-03,2024-11-09,1,159.54,332.72,False,ativo,SP,F,25-34
CLI-001121,ecommerce,perfumes,2023-01-08,2023-04-03,2,282.72,918.15,False,ativo,MG,F,35-44
CLI-001122,ecommerce,skincare,2023-05-13,2023-08-02,2,288.4,1547.39,False,ativo,RS,F,35-44
CLI-001123,marketplace,skincare,2023-04-12,2024-03-07,1,258.67,478.11,False,inativo,DF,F,55+
CLI-001124,ecommerce,maquiagem,2023-12-23,2024-10-10,1,62.51,186.38,False,inativo,RJ,M,35-44
CLI-001125,ecommerce,perfumes,2024-04-03,2024-12-31,4,456.57,3634.07,True,inativo,MG,M,45-54
CLI-001126,marketplace,haircare,2023-05-21,2024-02-24,3,235.17,1548.4,True,ativo,MG,F,25-34
CLI-001127,franquia,haircare,2023-11-30,2023-12-12,1,250.73,721.66,False,em_risco,GO,F,25-34
CLI-001128,ecommerce,maquiagem,2023-02-26,2023-12-03,4,160.12,1173.01,True,inativo,RJ,F,18-24
CLI-001129,ecommerce,perfumes,2024-10-12,2024-12-31,6,545.13,8049.29,True,ativo,MG,F,25-34
CLI-001130,ecommerce,skincare,2023-04-08,2023-05-25,1,334.13,765.38,False,em_risco,SP,F,25-34
CLI-001131,marketplace,maquiagem,2023-02-06,2023-08-23,1,193.43,326.94,False,em_risco,PE,F,25-34
CLI-001132,ecommerce,maquiagem,2023-09-23,2024-09-18,1,145.95,316.74,False,inativo,SP,M,45-54
CLI-001133,ecommerce,skincare,2024-02-28,2024-06-30,2,361.13,1768.56,False,inativo,PR,F,35-44
CLI-001134,franquia,skincare,2023-06-03,2023-09-17,6,320.84,4540.48,True,inativo,PR,F,35-44
CLI-001135,ecommerce,skincare,2023-09-19,2024-09-07,2,168.74,667.04,False,inativo,MG,F,18-24
CLI-001136,ecommerce,haircare,2024-07-18,2024-12-31,4,147.45,1704.61,True,ativo,RJ,F,25-34
CLI-001137,ecommerce,maquiagem,2024-08-01,2024-10-26,2,53.18,191.97,False,inativo,RJ,M,45-54
CLI-001138,franquia,skincare,2023-09-04,2024-08-14,3,282.6,1484.23,True,ativo,SP,NI,35-44
CLI-001139,franquia,skincare,2023-11-03,2023-12-04,4,118.49,1280.98,True,inativo,RS,F,35-44
CLI-001140,marketplace,skincare,2023-09-10,2024-02-21,2,289.69,1644.06,False,ativo,SP,F,45-54
CLI-001141,loja_propria,maquiagem,2023-11-21,2024-04-14,3,116.03,545.92,True,ativo,BA,F,25-34
CLI-001142,marketplace,maquiagem,2023-12-09,2024-08-05,6,68.56,1031.37,True,em_risco,SP,NI,25-34
CLI-001143,ecommerce,maquiagem,2023-06-20,2023-10-17,12,156.01,3402.37,True,ativo,RJ,F,35-44
CLI-001144,marketplace,skincare,2024-01-24,2024-10-20,3,121.82,955.81,True,ativo,SP,NI,25-34
CLI-001145,ecommerce,perfumes,2023-06-25,2023-06-26,1,385.11,899.14,False,ativo,BA,M,55+
CLI-001146,ecommerce,perfumes,2023-10-14,2023-11-03,3,347.42,2251.82,True,ativo,SP,F,18-24
CLI-001147,franquia,maquiagem,2024-09-28,2024-11-12,12,128.26,3572.15,True,ativo,RJ,F,18-24
CLI-001148,ecommerce,haircare,2023-05-23,2023-07-19,3,61.93,328.31,True,em_risco,MG,F,45-54
CLI-001149,ecommerce,haircare,2024-01-08,2024-04-05,2,71.43,403.14,False,em_risco,RS,M,25-34
CLI-001150,marketplace,skincare,2023-06-17,2023-09-14,3,317.41,2678.78,True,em_risco,BA,F,55+
CLI-001151,franquia,perfumes,2023-04-02,2023-05-13,3,457.97,3122.39,True,ativo,DF,M,25-34
CLI-001152,franquia,perfumes,2023-10-25,2024-09-01,1,428.93,1136.07,False,ativo,SP,NI,18-24
CLI-001153,franquia,skincare,2023-07-11,2023-12-24,3,202.41,1527.35,True,ativo,SP,M,45-54
CLI-001154,loja_propria,haircare,2023-07-03,2024-02-06,2,145.64,773.05,False,em_risco,DF,M,25-34
CLI-001155,marketplace,haircare,2024-05-14,2024-12-31,2,124.11,619.89,False,ativo,DF,M,18-24
CLI-001156,ecommerce,haircare,2023-04-27,2023-12-09,4,161.77,1386.47,True,ativo,RS,F,45-54
CLI-001157,franquia,skincare,2023-03-09,2023-12-07,3,308.76,1891.29,True,em_risco,RJ,F,18-24
CLI-001158,ecommerce,skincare,2023-07-20,2024-07-04,3,157.01,1399.32,True,em_risco,BA,F,18-24
CLI-001159,marketplace,maquiagem,2024-08-14,2024-12-31,12,71.38,1873.18,True,inativo,SP,F,55+
CLI-001160,ecommerce,maquiagem,2024-05-18,2024-09-29,1,96.61,201.24,False,inativo,GO,F,18-24
CLI-001161,marketplace,perfumes,2023-10-21,2024-01-04,2,421.2,2418.17,False,inativo,RS,F,25-34
CLI-001162,ecommerce,perfumes,2024-04-21,2024-07-21,2,450.79,1898.59,False,ativo,MG,F,18-24
CLI-001163,ecommerce,skincare,2023-06-23,2023-08-23,3,197.85,1325.83,True,ativo,RJ,M,45-54
CLI-001164,ecommerce,haircare,2023-02-03,2023-09-05,12,188.96,5465.38,True,ativo,SP,F,25-34
CLI-001165,ecommerce,haircare,2023-10-29,2024-02-05,12,131.75,3372.98,True,ativo,RJ,F,18-24
CLI-001166,marketplace,skincare,2023-10-09,2024-10-14,1,352.59,789.66,False,ativo,RJ,M,35-44
CLI-001167,ecommerce,haircare,2023-06-13,2024-02-14,3,64.92,411.4,True,ativo,SP,F,25-34
CLI-001168,marketplace,maquiagem,2024-07-26,2024-08-14,12,111.72,3373.21,True,ativo,SP,M,25-34
CLI-001169,marketplace,skincare,2024-03-16,2024-12-31,12,286.04,8961.21,True,ativo,RS,F,18-24
CLI-001170,ecommerce,skincare,2023-09-05,2024-07-14,1,388.19,948.53,False,inativo,SP,M,25-34
CLI-001171,loja_propria,haircare,2024-09-03,2024-12-31,6,94.74,1568.53,True,ativo,RJ,M,18-24
CLI-001172,franquia,haircare,2023-03-29,2023-11-30,12,229.25,6517.24,True,inativo,MG,F,25-34
CLI-001173,franquia,skincare,2023-03-21,2023-09-05,6,323.49,3067.68,True,ativo,SP,F,18-24
CLI-001174,loja_propria,skincare,2023-05-09,2023-08-12,1,392.75,938.73,False,ativo,SP,F,35-44
CLI-001175,franquia,haircare,2023-12-31,2024-07-30,3,262.99,2307.95,True,ativo,SP,M,35-44
CLI-001176,marketplace,maquiagem,2023-07-04,2023-12-15,1,59.02,121.19,False,em_risco,SP,F,25-34
CLI-001177,ecommerce,maquiagem,2023-05-08,2024-01-18,6,173.81,2541.5,True,em_risco,PR,F,18-24
CLI-001178,franquia,maquiagem,2023-03-23,2023-08-21,1,77.49,153.7,False,ativo,RJ,M,35-44
CLI-001179,marketplace,haircare,2023-11-11,2024-01-27,2,82.97,296.7,False,ativo,MG,F,45-54
CLI-001180,ecommerce,maquiagem,2023-03-12,2023-11-11,1,190.0,512.79,False,inativo,SP,M,18-24
CLI-001181,ecommerce,skincare,2024-07-26,2024-08-30,3,254.5,1764.97,True,em_risco,PR,M,25-34
CLI-001182,franquia,haircare,2023-03-03,2024-03-18,4,124.65,1374.08,True,em_risco,SP,F,45-54
CLI-001183,loja_propria,haircare,2024-04-08,2024-12-27,4,147.46,1325.17,True,em_risco,SP,F,25-34
CLI-001184,marketplace,haircare,2023-08-16,2024-03-25,2,246.61,1149.57,False,em_risco,RJ,F,25-34
CLI-001185,marketplace,skincare,2024-04-13,2024-12-31,1,161.8,251.96,False,ativo,SP,F,25-34
CLI-001186,ecommerce,skincare,2023-11-13,2023-11-13,2,108.59,451.06,False,ativo,DF,F,25-34
CLI-001187,ecommerce,skincare,2024-08-09,2024-09-08,2,141.2,726.74,False,ativo,SP,F,18-24
CLI-001188,loja_propria,perfumes,2023-07-06,2023-12-17,2,333.09,1481.94,False,inativo,MG,F,35-44
CLI-001189,franquia,skincare,2024-03-24,2024-12-31,3,365.6,2365.29,True,ativo,SC,F,25-34
CLI-001190,ecommerce,perfumes,2023-12-28,2024-06-10,2,229.59,1033.68,False,inativo,SP,F,35-44
CLI-001191,franquia,skincare,2023-11-18,2024-09-09,3,146.23,1041.24,True,ativo,SC,F,25-34
CLI-001192,marketplace,skincare,2024-08-30,2024-12-31,1,388.37,808.47,False,inativo,SP,F,55+
CLI-001193,franquia,haircare,2024-09-21,2024-12-31,12,147.62,4437.06,True,ativo,BA,M,18-24
CLI-001194,loja_propria,perfumes,2024-09-10,2024-12-31,2,352.47,2066.65,False,em_risco,MG,M,18-24
CLI-001195,ecommerce,perfumes,2023-10-01,2024-01-18,6,126.54,1274.11,True,ativo,PR,M,18-24
CLI-001196,ecommerce,haircare,2023-09-22,2024-06-10,3,138.81,923.51,True,ativo,SC,NI,45-54
CLI-001197,franquia,maquiagem,2024-02-11,2024-10-28,1,159.33,403.73,False,ativo,MG,F,55+
CLI-001198,marketplace,skincare,2024-05-13,2024-07-19,2,277.57,1315.6,False,ativo,PE,F,18-24
CLI-001199,ecommerce,maquiagem,2024-01-26,2024-02-29,3,82.88,439.76,True,em_risco,SC,F,25-34
CLI-001200,marketplace,skincare,2024-04-30,2024-12-31,2,378.45,1927.61,False,ativo,SP,F,35-44
CLI-001201,marketplace,skincare,2024-05-26,2024-12-31,3,103.56,514.7,True,ativo,SP,F,18-24
CLI-001202,ecommerce,skincare,2024-01-07,2024-05-02,6,157.23,2384.12,True,em_risco,SC,F,25-34
CLI-001203,ecommerce,haircare,2024-09-04,2024-12-31,3,99.97,815.96,True,inativo,RS,F,25-34
CLI-001204,marketplace,maquiagem,2024-04-14,2024-05-19,1,61.9,103.46,False,ativo,SP,F,35-44
CLI-001205,marketplace,skincare,2024-08-24,2024-12-31,12,394.47,8430.09,True,ativo,RJ,NI,25-34
CLI-001206,ecommerce,maquiagem,2023-09-26,2024-08-04,2,173.1,697.78,False,em_risco,RJ,M,35-44
CLI-001207,marketplace,skincare,2024-10-09,2024-12-31,3,168.55,883.62,True,ativo,SP,NI,45-54
CLI-001208,franquia,skincare,2024-07-27,2024-08-12,1,389.44,882.7,False,inativo,SP,M,35-44
CLI-001209,marketplace,maquiagem,2024-03-01,2024-06-08,1,77.55,178.25,False,ativo,SP,M,25-34
CLI-001210,ecommerce,skincare,2024-07-03,2024-12-31,3,206.97,1122.92,True,ativo,GO,F,45-54
CLI-001211,ecommerce,maquiagem,2024-05-09,2024-07-14,4,164.45,1422.64,True,inativo,PR,F,25-34
CLI-001212,ecommerce,maquiagem,2023-07-04,2023-09-27,1,82.14,241.54,False,em_risco,PR,M,25-34
CLI-001213,marketplace,maquiagem,2023-05-18,2024-04-08,3,89.97,607.35,True,inativo,GO,F,35-44
CLI-001214,franquia,skincare,2024-06-25,2024-12-09,6,371.64,6663.42,True,em_risco,MG,F,25-34
CLI-001215,loja_propria,skincare,2024-01-20,2024-03-13,6,197.0,1989.28,True,em_risco,BA,M,55+
CLI-001216,franquia,skincare,2024-04-01,2024-12-31,2,102.26,385.93,False,ativo,SP,NI,45-54
CLI-001217,franquia,skincare,2024-05-25,2024-12-13,2,347.9,1729.89,False,ativo,RJ,F,45-54
CLI-001218,marketplace,perfumes,2023-04-30,2024-01-02,1,276.18,757.13,False,inativo,BA,F,35-44
CLI-001219,marketplace,haircare,2023-09-09,2024-10-02,6,148.31,2148.81,True,ativo,BA,F,35-44
CLI-001220,marketplace,maquiagem,2023-01-11,2023-06-10,1,145.48,310.66,False,ativo,SP,F,18-24
CLI-001221,ecommerce,skincare,2024-05-10,2024-10-05,2,326.27,1157.97,False,ativo,RJ,F,25-34
CLI-001222,franquia,skincare,2024-07-01,2024-12-31,6,196.17,2390.68,True,ativo,BA,F,45-54
CLI-001223,marketplace,maquiagem,2024-06-09,2024-07-11,1,110.15,285.95,False,ativo,PR,F,18-24
CLI-001224,marketplace,maquiagem,2024-10-07,2024-11-22,1,49.08,133.47,False,ativo,SP,M,25-34
CLI-001225,marketplace,perfumes,2024-06-18,2024-11-30,2,368.37,1361.45,False,ativo,SP,F,35-44
CLI-001226,marketplace,maquiagem,2024-06-16,2024-12-31,3,152.96,979.36,True,ativo,SP,M,18-24
CLI-001227,franquia,maquiagem,2024-03-26,2024-04-15,3,173.8,1527.4,True,ativo,RS,M,25-34
CLI-001228,ecommerce,haircare,2023-09-03,2024-08-15,1,128.82,198.42,False,ativo,GO,M,35-44
CLI-001229,franquia,maquiagem,2023-01-18,2023-11-20,4,206.67,1958.27,True,em_risco,SP,NI,55+
CLI-001230,franquia,skincare,2024-08-09,2024-12-31,3,283.62,2037.51,True,ativo,PR,M,25-34
CLI-001231,marketplace,skincare,2024-01-14,2024-07-19,1,177.48,461.56,False,inativo,BA,F,25-34
CLI-001232,ecommerce,skincare,2023-04-12,2023-05-30,2,359.25,1302.82,False,inativo,SP,F,25-34
CLI-001233,ecommerce,perfumes,2023-11-02,2024-02-03,2,307.32,944.41,False,ativo,SC,M,18-24
CLI-001234,ecommerce,haircare,2024-06-30,2024-12-23,3,157.22,843.07,True,ativo,PE,F,45-54
CLI-001235,ecommerce,skincare,2024-01-18,2024-12-31,2,178.57,1015.22,False,em_risco,SP,F,35-44
CLI-001236,ecommerce,haircare,2024-05-04,2024-06-04,4,146.51,1509.76,True,ativo,SP,F,35-44
CLI-001237,ecommerce,skincare,2023-01-30,2023-12-14,1,102.07,242.95,False,ativo,SP,F,45-54
CLI-001238,loja_propria,perfumes,2023-07-13,2023-08-08,6,351.4,6025.74,True,em_risco,MG,F,25-34
CLI-001239,franquia,skincare,2023-05-15,2023-06-19,2,148.58,854.43,False,inativo,MG,F,25-34
CLI-001240,marketplace,perfumes,2023-10-27,2024-08-14,3,432.67,3253.63,True,inativo,RJ,M,18-24
CLI-001241,ecommerce,maquiagem,2024-02-17,2024-02-17,4,163.44,1777.0,True,em_risco,SC,M,18-24
CLI-001242,loja_propria,maquiagem,2024-02-02,2024-12-31,4,148.2,1388.97,True,em_risco,RJ,F,45-54
CLI-001243,marketplace,skincare,2023-08-03,2024-08-15,6,395.95,6682.5,True,ativo,SP,F,25-34
CLI-001244,marketplace,skincare,2024-09-30,2024-12-31,2,209.61,799.57,False,ativo,GO,F,35-44
CLI-001245,loja_propria,haircare,2024-02-25,2024-07-29,2,76.77,253.21,False,ativo,SP,F,25-34
CLI-001246,marketplace,maquiagem,2023-01-24,2023-02-03,1,137.93,296.38,False,ativo,SP,F,18-24
CLI-001247,ecommerce,skincare,2024-09-24,2024-12-31,3,387.45,2503.0,True,em_risco,PR,M,18-24
CLI-001248,ecommerce,perfumes,2023-07-12,2024-02-21,4,424.88,4222.07,True,ativo,DF,F,25-34
CLI-001249,loja_propria,haircare,2024-03-18,2024-11-17,4,156.47,1187.64,True,em_risco,RS,M,35-44
CLI-001250,franquia,haircare,2023-09-18,2024-04-17,2,62.17,333.53,False,em_risco,BA,F,18-24
CLI-001251,marketplace,skincare,2024-07-18,2024-12-31,2,233.38,799.42,False,inativo,RJ,F,35-44
CLI-001252,marketplace,perfumes,2023-07-20,2024-04-04,3,321.03,1842.82,True,ativo,SP,F,25-34
CLI-001253,loja_propria,haircare,2023-02-05,2024-01-01,6,230.18,3800.39,True,inativo,SP,F,18-24
CLI-001254,ecommerce,maquiagem,2024-01-11,2024-11-13,1,118.25,288.33,False,em_risco,PR,F,25-34
CLI-001255,loja_propria,skincare,2024-08-23,2024-09-21,2,254.92,997.94,False,inativo,RS,F,25-34
CLI-001256,marketplace,haircare,2024-06-05,2024-09-28,2,167.04,726.72,False,inativo,SP,F,25-34
CLI-001257,franquia,haircare,2023-03-30,2023-09-03,2,99.38,553.21,False,ativo,PR,F,45-54
CLI-001258,loja_propria,perfumes,2024-02-25,2024-12-31,1,321.53,614.49,False,em_risco,SP,F,18-24
CLI-001259,ecommerce,maquiagem,2023-06-19,2023-12-13,2,135.73,572.31,False,ativo,MG,M,35-44
CLI-001260,marketplace,haircare,2023-05-27,2023-08-20,1,241.38,477.13,False,inativo,DF,NI,35-44
CLI-001261,loja_propria,skincare,2024-04-16,2024-12-31,6,107.58,1916.59,True,em_risco,SP,M,35-44
CLI-001262,marketplace,skincare,2023-10-01,2023-12-05,4,227.56,2706.3,True,em_risco,MG,F,18-24
CLI-001263,franquia,skincare,2024-06-10,2024-12-31,2,196.97,800.82,False,inativo,RJ,F,18-24
CLI-001264,marketplace,perfumes,2024-07-10,2024-08-30,3,339.29,1936.68,True,em_risco,RJ,F,18-24
CLI-001265,ecommerce,skincare,2024-04-09,2024-12-31,6,340.64,6130.57,True,ativo,PR,F,18-24
CLI-001266,franquia,maquiagem,2024-02-06,2024-09-18,1,150.35,313.85,False,inativo,BA,F,35-44
CLI-001267,loja_propria,skincare,2023-12-30,2024-08-02,3,307.56,2223.88,True,ativo,SP,F,55+
CLI-001268,ecommerce,perfumes,2023-05-08,2024-02-19,2,528.11,2729.32,False,inativo,RS,F,35-44
CLI-001269,marketplace,maquiagem,2024-07-23,2024-12-09,1,130.37,204.99,False,ativo,RJ,F,35-44
CLI-001270,marketplace,skincare,2024-03-24,2024-12-31,2,155.89,588.07,False,ativo,SP,F,45-54
CLI-001271,ecommerce,maquiagem,2023-06-16,2024-06-05,2,190.77,1060.21,False,ativo,PE,NI,25-34
CLI-001272,loja_propria,haircare,2024-03-31,2024-12-31,2,139.61,757.5,False,ativo,SP,F,35-44
CLI-001273,franquia,skincare,2024-02-15,2024-11-02,1,261.43,759.4,False,ativo,SP,F,18-24
CLI-001274,marketplace,perfumes,2023-09-08,2024-10-02,4,490.24,5422.78,True,ativo,MG,M,35-44
CLI-001275,ecommerce,skincare,2023-02-02,2023-04-13,3,162.08,1254.2,True,ativo,SP,F,45-54
CLI-001276,ecommerce,perfumes,2023-04-12,2023-08-17,3,160.96,806.06,True,inativo,SP,M,55+
CLI-001277,marketplace,skincare,2024-08-08,2024-12-31,12,140.84,3028.79,True,em_risco,RS,F,25-34
CLI-001278,franquia,perfumes,2024-04-04,2024-08-12,1,159.25,439.78,False,ativo,SP,M,55+
CLI-001279,franquia,skincare,2023-04-26,2023-05-23,2,306.26,1791.66,False,ativo,GO,F,35-44
CLI-001280,ecommerce,skincare,2023-02-11,2023-09-29,1,384.27,664.97,False,ativo,SP,F,35-44
CLI-001281,loja_propria,skincare,2023-11-18,2024-09-03,6,325.74,3586.49,True,ativo,PE,F,25-34
CLI-001282,marketplace,haircare,2024-09-24,2024-12-31,3,167.03,1133.09,True,ativo,RJ,F,35-44
CLI-001283,marketplace,skincare,2024-03-23,2024-10-27,1,280.89,439.93,False,inativo,SP,NI,35-44
CLI-001284,ecommerce,skincare,2023-11-15,2023-12-30,1,349.94,614.82,False,inativo,PR,NI,25-34
CLI-001285,loja_propria,haircare,2024-03-10,2024-11-12,3,197.04,1536.94,True,ativo,SP,NI,18-24
CLI-001286,ecommerce,skincare,2024-05-11,2024-09-04,12,244.24,7175.14,True,em_risco,MG,F,25-34
CLI-001287,marketplace,skincare,2024-01-14,2024-08-10,2,375.89,1372.58,False,ativo,SC,M,45-54
CLI-001288,marketplace,perfumes,2023-03-11,2023-07-23,1,234.81,537.23,False,ativo,BA,M,45-54
CLI-001289,franquia,haircare,2024-07-20,2024-12-31,3,92.93,804.4,True,inativo,SP,F,25-34
CLI-001290,marketplace,skincare,2023-12-08,2024-11-12,2,219.46,1231.79,False,em_risco,SP,F,25-34
CLI-001291,loja_propria,maquiagem,2024-01-31,2024-10-05,3,124.79,588.16,True,inativo,RJ,F,25-34
CLI-001292,marketplace,haircare,2024-04-11,2024-12-31,3,183.9,1383.9,True,em_risco,PR,F,35-44
CLI-001293,ecommerce,skincare,2023-08-15,2024-07-11,1,152.53,418.45,False,em_risco,SC,F,25-34
CLI-001294,ecommerce,perfumes,2023-01-08,2023-05-25,3,460.94,2945.48,True,ativo,SC,F,45-54
CLI-001295,ecommerce,haircare,2024-03-22,2024-10-30,3,124.03,627.16,True,em_risco,SP,M,55+
CLI-001296,ecommerce,skincare,2024-01-28,2024-04-19,2,291.11,1264.93,False,ativo,MG,M,25-34
CLI-001297,ecommerce,skincare,2023-04-17,2023-07-24,1,128.58,240.04,False,inativo,PR,F,35-44
CLI-001298,marketplace,maquiagem,2024-03-26,2024-12-31,2,187.22,1010.28,False,ativo,SP,F,35-44
CLI-001299,marketplace,skincare,2024-01-06,2024-06-25,2,392.5,2037.58,False,ativo,RJ,F,35-44
CLI-001300,marketplace,maquiagem,2024-10-02,2024-12-31,2,111.99,442.69,False,inativo,GO,F,25-34
CLI-001301,ecommerce,skincare,2023-11-29,2024-04-14,2,232.64,1063.1,False,inativo,RS,F,55+
CLI-001302,ecommerce,haircare,2024-07-20,2024-08-17,12,172.28,3514.62,True,inativo,MG,M,55+
CLI-001303,marketplace,perfumes,2024-05-12,2024-12-31,2,211.53,1170.45,False,inativo,SP,F,55+
CLI-001304,marketplace,skincare,2023-04-18,2024-05-17,1,165.35,450.11,False,ativo,RS,F,25-34
CLI-001305,marketplace,skincare,2024-09-21,2024-12-31,12,176.85,5562.09,True,ativo,MG,F,45-54
CLI-001306,franquia,maquiagem,2023-02-12,2024-03-17,1,63.12,153.63,False,inativo,MG,M,25-34
CLI-001307,ecommerce,skincare,2023-12-22,2024-11-03,2,337.01,1464.88,False,ativo,RJ,M,25-34
CLI-001308,ecommerce,haircare,2023-01-12,2023-08-04,2,187.72,1080.16,False,ativo,MG,F,35-44
CLI-001309,ecommerce,skincare,2023-11-03,2024-10-05,1,382.5,1024.07,False,ativo,SP,M,35-44
CLI-001310,ecommerce,maquiagem,2023-10-31,2024-06-23,1,50.47,100.11,False,ativo,RS,F,18-24
CLI-001311,ecommerce,haircare,2024-06-09,2024-12-10,1,87.57,242.32,False,ativo,PR,NI,35-44
CLI-001312,marketplace,skincare,2024-02-24,2024-12-31,3,225.28,1554.92,True,inativo,BA,F,18-24
CLI-001313,ecommerce,maquiagem,2023-03-13,2024-01-31,2,192.99,984.88,False,inativo,SP,M,55+
CLI-001314,marketplace,maquiagem,2024-05-26,2024-12-31,3,77.01,362.26,True,ativo,PR,NI,18-24
CLI-001315,marketplace,haircare,2023-10-15,2024-01-03,6,158.64,2496.66,True,ativo,MG,F,25-34
CLI-001316,ecommerce,maquiagem,2023-11-15,2024-04-15,2,124.31,512.85,False,ativo,RS,F,35-44
CLI-001317,ecommerce,skincare,2024-09-05,2024-12-31,1,103.04,169.53,False,inativo,SC,F,18-24
CLI-001318,ecommerce,perfumes,2023-02-24,2023-09-11,2,271.41,1519.0,False,ativo,SP,F,25-34
CLI-001319,ecommerce,skincare,2024-02-20,2024-07-17,3,197.68,994.65,True,inativo,SP,F,55+
CLI-001320,ecommerce,maquiagem,2023-02-09,2023-11-01,2,158.7,825.69,False,em_risco,GO,M,25-34
CLI-001321,ecommerce,perfumes,2023-10-26,2024-04-18,3,321.91,1697.29,True,inativo,BA,F,35-44
CLI-001322,ecommerce,skincare,2024-02-24,2024-04-02,1,288.83,561.72,False,em_risco,PE,F,35-44
CLI-001323,ecommerce,haircare,2023-08-19,2023-11-10,1,164.58,442.49,False,em_risco,RS,F,25-34
CLI-001324,loja_propria,perfumes,2023-10-03,2024-03-18,12,522.73,12531.44,True,inativo,RJ,F,55+
CLI-001325,ecommerce,maquiagem,2023-08-01,2024-01-18,3,112.7,839.91,True,inativo,PR,F,18-24
CLI-001326,franquia,skincare,2023-02-08,2023-10-14,2,166.16,658.49,False,ativo,RJ,M,55+
CLI-001327,loja_propria,perfumes,2024-02-22,2024-08-03,3,531.84,4625.56,True,inativo,RJ,M,45-54
CLI-001328,marketplace,perfumes,2023-10-01,2024-02-23,3,171.04,912.68,True,em_risco,PR,F,55+
CLI-001329,ecommerce,haircare,2023-09-04,2023-12-06,4,160.27,1174.71,True,ativo,MG,F,55+
CLI-001330,franquia,maquiagem,2023-02-27,2024-01-29,1,71.11,120.23,False,inativo,RS,M,45-54
CLI-001331,loja_propria,haircare,2024-03-04,2024-12-31,6,234.62,4005.97,True,inativo,GO,F,18-24
CLI-001332,ecommerce,perfumes,2024-06-06,2024-11-29,2,125.96,634.19,False,ativo,SP,M,18-24
CLI-001333,ecommerce,haircare,2024-02-17,2024-07-15,3,120.34,643.21,True,ativo,SP,M,18-24
CLI-001334,loja_propria,perfumes,2024-06-13,2024-12-14,1,220.27,634.1,False,ativo,RJ,M,25-34
CLI-001335,franquia,skincare,2023-08-09,2024-08-27,1,108.32,225.42,False,em_risco,GO,M,35-44
CLI-001336,ecommerce,haircare,2024-08-15,2024-12-31,2,236.96,1339.49,False,ativo,SC,F,25-34
CLI-001337,ecommerce,perfumes,2024-05-20,2024-12-31,3,319.31,2392.38,True,ativo,SP,F,35-44
CLI-001338,loja_propria,skincare,2024-04-15,2024-12-31,12,158.5,5369.1,True,ativo,MG,F,35-44
CLI-001339,franquia,haircare,2024-08-14,2024-12-31,3,173.3,1527.1,True,ativo,RJ,F,45-54
CLI-001340,marketplace,skincare,2023-12-14,2024-01-19,6,272.25,2959.67,True,ativo,RJ,M,25-34
CLI-001341,marketplace,skincare,2024-06-09,2024-12-31,6,198.62,2338.3,True,ativo,PE,M,25-34
CLI-001342,ecommerce,maquiagem,2024-06-15,2024-12-31,2,137.14,545.94,False,ativo,RS,F,25-34
CLI-001343,marketplace,skincare,2024-01-14,2024-12-14,3,283.31,2310.39,True,inativo,SP,M,55+
CLI-001344,loja_propria,haircare,2023-10-24,2024-09-01,2,177.65,791.14,False,em_risco,BA,F,35-44
CLI-001345,ecommerce,skincare,2024-03-10,2024-12-31,4,151.63,1620.31,True,ativo,GO,M,35-44
CLI-001346,loja_propria,haircare,2024-04-04,2024-07-26,12,76.31,1496.64,True,ativo,RS,F,35-44
CLI-001347,marketplace,maquiagem,2024-07-17,2024-09-09,1,182.95,500.47,False,ativo,RJ,F,45-54
CLI-001348,ecommerce,skincare,2024-08-22,2024-12-31,1,264.92,710.92,False,inativo,DF,F,35-44
CLI-001349,franquia,maquiagem,2023-05-03,2023-11-24,1,191.74,448.25,False,ativo,SP,F,25-34
CLI-001350,ecommerce,skincare,2023-06-13,2024-05-04,6,232.64,3439.17,True,em_risco,MG,M,55+
CLI-001351,marketplace,maquiagem,2023-11-10,2024-05-12,1,207.06,471.37,False,ativo,SP,M,35-44
CLI-001352,marketplace,perfumes,2024-09-09,2024-12-31,2,199.81,1126.27,False,ativo,PE,F,35-44
CLI-001353,loja_propria,skincare,2023-07-30,2023-11-27,2,383.57,2264.26,False,inativo,SP,M,45-54
CLI-001354,loja_propria,maquiagem,2023-12-04,2024-04-19,1,172.02,281.07,False,inativo,PE,F,45-54
CLI-001355,marketplace,perfumes,2024-03-31,2024-09-06,1,131.5,358.82,False,inativo,RJ,NI,18-24
CLI-001356,marketplace,perfumes,2023-10-02,2024-01-20,1,224.88,414.16,False,ativo,PR,F,25-34
CLI-001357,ecommerce,haircare,2023-08-30,2023-12-01,2,179.28,550.94,False,em_risco,SP,F,25-34
CLI-001358,marketplace,skincare,2023-10-30,2024-10-12,6,280.49,4627.37,True,em_risco,MG,F,35-44
CLI-001359,ecommerce,maquiagem,2023-12-19,2024-08-22,2,199.59,1110.69,False,ativo,SP,F,25-34
CLI-001360,franquia,haircare,2023-10-21,2024-06-22,12,248.06,4814.64,True,ativo,SP,M,35-44
CLI-001361,marketplace,maquiagem,2023-03-21,2023-10-04,2,110.12,531.04,False,inativo,BA,F,45-54
CLI-001362,ecommerce,maquiagem,2023-08-29,2023-12-09,3,78.74,582.38,True,ativo,PR,F,45-54
CLI-001363,loja_propria,haircare,2023-03-05,2024-01-31,2,88.81,521.17,False,em_risco,SC,F,45-54
CLI-001364,franquia,skincare,2024-05-24,2024-07-13,4,320.19,2665.2,True,ativo,SP,M,25-34
CLI-001365,marketplace,maquiagem,2023-03-28,2024-01-12,4,75.13,630.67,True,em_risco,MG,M,45-54
CLI-001366,marketplace,maquiagem,2023-08-26,2023-09-14,3,68.53,507.27,True,ativo,RJ,F,25-34
CLI-001367,franquia,perfumes,2023-11-09,2024-10-24,3,249.01,2154.47,True,inativo,SP,M,25-34
CLI-001368,loja_propria,skincare,2023-04-11,2024-03-27,3,285.69,2152.4,True,inativo,MG,M,45-54
CLI-001369,ecommerce,maquiagem,2023-03-16,2024-01-15,2,134.67,517.65,False,em_risco,SP,F,25-34
CLI-001370,franquia,maquiagem,2024-07-14,2024-12-31,2,49.56,156.18,False,ativo,SP,F,25-34
CLI-001371,franquia,skincare,2023-01-23,2023-10-13,1,345.36,847.95,False,em_risco,RS,NI,25-34
CLI-001372,ecommerce,haircare,2023-11-14,2024-02-07,2,93.83,466.66,False,ativo,PR,M,55+
CLI-001373,franquia,haircare,2023-08-28,2024-06-16,3,259.2,1431.13,True,em_risco,RS,M,18-24
CLI-001374,marketplace,skincare,2024-06-07,2024-12-31,2,162.71,818.91,False,em_risco,SP,F,35-44
CLI-001375,marketplace,skincare,2024-09-22,2024-12-31,1,323.95,633.18,False,ativo,SP,F,25-34
CLI-001376,ecommerce,skincare,2024-09-12,2024-12-31,2,338.51,1631.69,False,em_risco,SP,F,25-34
CLI-001377,ecommerce,maquiagem,2023-10-03,2023-12-02,3,59.62,281.66,True,ativo,PE,F,45-54
CLI-001378,marketplace,maquiagem,2024-04-29,2024-08-10,3,132.39,1158.61,True,inativo,RJ,F,25-34
CLI-001379,ecommerce,maquiagem,2023-12-29,2024-12-31,6,67.86,654.09,True,em_risco,SP,F,25-34
CLI-001380,ecommerce,maquiagem,2023-10-15,2024-11-07,12,98.56,3282.92,True,ativo,RJ,F,25-34
CLI-001381,franquia,perfumes,2024-10-11,2024-12-31,6,208.75,2241.13,True,ativo,BA,M,35-44
CLI-001382,ecommerce,perfumes,2023-01-05,2023-10-07,1,312.24,933.14,False,inativo,MG,F,18-24
CLI-001383,ecommerce,maquiagem,2023-06-23,2024-04-14,1,110.3,278.93,False,ativo,BA,F,35-44
CLI-001384,ecommerce,perfumes,2024-05-29,2024-12-31,4,255.45,1854.3,True,inativo,GO,M,18-24
CLI-001385,franquia,skincare,2024-10-10,2024-12-31,1,338.49,904.77,False,inativo,BA,M,35-44
CLI-001386,loja_propria,skincare,2023-04-24,2024-03-25,2,145.51,583.31,False,ativo,MG,F,25-34
CLI-001387,ecommerce,skincare,2024-05-03,2024-09-20,3,158.54,1150.24,True,ativo,MG,M,35-44
CLI-001388,marketplace,skincare,2023-05-30,2024-02-15,4,190.6,1822.8,True,em_risco,SP,M,25-34
CLI-001389,loja_propria,maquiagem,2024-03-26,2024-05-26,1,72.27,135.28,False,inativo,SP,F,45-54
CLI-001390,ecommerce,maquiagem,2024-03-21,2024-10-26,1,47.84,122.57,False,em_risco,PR,M,18-24
CLI-001391,franquia,haircare,2023-10-12,2023-11-18,6,261.58,3845.74,True,inativo,RJ,F,25-34
CLI-001392,loja_propria,haircare,2024-07-20,2024-12-31,3,133.16,1116.78,True,ativo,RJ,F,25-34
CLI-001393,ecommerce,perfumes,2023-07-10,2024-02-13,2,184.98,923.9,False,em_risco,SP,F,35-44
CLI-001394,franquia,skincare,2024-03-04,2024-12-31,1,92.97,226.16,False,ativo,RJ,F,25-34
CLI-001395,franquia,perfumes,2024-07-04,2024-12-31,3,356.12,2137.63,True,inativo,SP,F,45-54
CLI-001396,ecommerce,perfumes,2023-10-13,2024-07-26,2,148.03,674.9,False,ativo,RJ,F,35-44
CLI-001397,franquia,haircare,2023-05-15,2023-08-08,1,209.93,515.01,False,em_risco,SP,F,25-34
CLI-001398,loja_propria,skincare,2023-07-12,2023-09-28,3,203.57,1666.07,True,ativo,RJ,F,25-34
CLI-001399,marketplace,skincare,2023-11-26,2024-08-10,1,231.69,542.55,False,em_risco,PR,M,25-34
CLI-001400,marketplace,perfumes,2023-10-27,2023-11-27,1,335.73,918.9,False,inativo,SC,F,25-34
CLI-001401,ecommerce,haircare,2023-09-09,2024-05-29,4,187.46,1187.7,True,ativo,MG,F,25-34
CLI-001402,marketplace,maquiagem,2023-03-26,2023-09-24,2,117.45,541.53,False,ativo,RJ,M,25-34
CLI-001403,marketplace,maquiagem,2023-02-09,2023-05-18,2,93.96,508.8,False,ativo,RS,F,25-34
CLI-001404,franquia,perfumes,2024-01-14,2024-07-10,2,401.29,1826.48,False,ativo,SP,M,25-34
CLI-001405,ecommerce,skincare,2024-04-04,2024-12-30,1,307.11,555.56,False,inativo,MG,F,35-44
CLI-001406,marketplace,skincare,2024-09-19,2024-12-31,2,195.73,850.36,False,em_risco,BA,NI,45-54
CLI-001407,ecommerce,skincare,2023-04-20,2023-12-25,2,253.76,1199.55,False,em_risco,RS,F,18-24
CLI-001408,ecommerce,haircare,2024-07-14,2024-12-31,2,151.38,469.99,False,em_risco,SP,M,25-34
CLI-001409,marketplace,skincare,2023-04-27,2024-04-30,12,126.46,3050.99,True,ativo,SP,F,35-44
CLI-001410,marketplace,skincare,2023-01-06,2023-02-24,4,220.55,1456.58,True,inativo,SP,M,55+
CLI-001411,marketplace,haircare,2024-04-14,2024-04-22,4,62.23,621.09,True,em_risco,MG,F,25-34
CLI-001412,ecommerce,maquiagem,2024-07-25,2024-07-27,6,64.12,641.35,True,ativo,SC,F,45-54
CLI-001413,loja_propria,haircare,2023-07-03,2024-01-13,2,131.83,685.4,False,em_risco,RJ,F,18-24
CLI-001414,franquia,haircare,2024-08-31,2024-12-31,2,65.01,211.6,False,ativo,SP,NI,45-54
CLI-001415,marketplace,skincare,2024-04-18,2024-09-01,3,310.33,2627.54,True,inativo,DF,M,35-44
CLI-001416,ecommerce,maquiagem,2023-02-15,2023-02-21,1,63.17,119.47,False,em_risco,RJ,F,45-54
CLI-001417,marketplace,skincare,2023-12-06,2024-03-28,2,349.96,1833.79,False,ativo,SP,F,25-34
CLI-001418,marketplace,skincare,2023-03-30,2024-02-26,1,235.01,476.58,False,inativo,RJ,M,35-44
CLI-001419,marketplace,haircare,2023-07-12,2023-08-24,3,72.35,423.64,True,em_risco,RJ,F,35-44
CLI-001420,marketplace,maquiagem,2023-04-19,2024-03-10,1,127.12,294.61,False,em_risco,RJ,F,25-34
CLI-001421,loja_propria,haircare,2023-05-30,2024-01-24,6,71.42,708.56,True,em_risco,RJ,F,45-54
CLI-001422,ecommerce,perfumes,2023-09-18,2024-03-04,1,213.27,346.03,False,ativo,MG,F,35-44
CLI-001423,franquia,perfumes,2023-02-10,2023-11-12,2,285.72,1594.2,False,ativo,SP,F,35-44
CLI-001424,ecommerce,haircare,2023-01-12,2023-12-21,2,214.54,1189.2,False,ativo,BA,M,45-54
CLI-001425,loja_propria,maquiagem,2023-12-20,2024-08-06,4,158.87,1416.5,True,inativo,RJ,F,45-54
CLI-001426,marketplace,maquiagem,2024-02-23,2024-06-24,4,69.17,749.11,True,inativo,SP,F,35-44
CLI-001427,ecommerce,maquiagem,2024-03-14,2024-04-08,3,169.26,863.08,True,inativo,SC,F,35-44
CLI-001428,franquia,perfumes,2024-05-23,2024-11-18,6,542.31,9370.9,True,inativo,RJ,M,25-34
CLI-001429,loja_propria,maquiagem,2024-06-06,2024-12-31,1,153.98,371.17,False,em_risco,RJ,F,25-34
CLI-001430,marketplace,maquiagem,2023-11-21,2024-08-18,4,107.44,756.74,True,ativo,SP,F,35-44
CLI-001431,ecommerce,maquiagem,2024-01-06,2024-08-21,2,66.92,260.0,False,ativo,GO,F,18-24
CLI-001432,marketplace,skincare,2023-09-29,2024-02-29,3,202.26,1643.29,True,em_risco,SC,F,35-44
CLI-001433,franquia,maquiagem,2023-01-12,2023-06-22,1,131.8,205.14,False,inativo,GO,NI,25-34
CLI-001434,franquia,haircare,2023-07-28,2024-05-24,2,217.01,1257.91,False,inativo,RJ,F,18-24
CLI-001435,ecommerce,haircare,2024-01-08,2024-09-24,3,153.42,910.41,True,ativo,PE,NI,35-44
CLI-001436,ecommerce,skincare,2023-06-21,2024-03-20,2,312.88,946.22,False,ativo,RJ,M,45-54
CLI-001437,franquia,maquiagem,2024-02-13,2024-12-31,6,58.42,598.54,True,inativo,SP,F,45-54
CLI-001438,ecommerce,maquiagem,2023-10-06,2024-08-17,3,143.92,1028.43,True,inativo,SP,F,25-34
CLI-001439,ecommerce,skincare,2024-05-11,2024-05-21,1,210.04,593.29,False,inativo,MG,M,25-34
CLI-001440,ecommerce,maquiagem,2024-06-30,2024-12-10,12,141.88,3686.6,True,inativo,MG,F,25-34
CLI-001441,marketplace,skincare,2023-03-04,2023-09-15,2,372.33,1234.71,False,ativo,SC,F,45-54
CLI-001442,marketplace,perfumes,2024-08-07,2024-09-05,12,334.22,9060.7,True,ativo,PR,M,35-44
CLI-001443,marketplace,maquiagem,2023-01-20,2023-01-24,6,121.3,2055.67,True,ativo,RJ,F,35-44
CLI-001444,ecommerce,perfumes,2023-10-02,2023-11-13,3,134.27,1143.58,True,em_risco,MG,F,18-24
CLI-001445,marketplace,haircare,2024-03-12,2024-12-31,3,163.57,1187.86,True,ativo,SP,F,25-34
CLI-001446,ecommerce,perfumes,2024-04-04,2024-12-31,6,449.71,4587.86,True,ativo,SC,NI,55+
CLI-001447,marketplace,perfumes,2023-08-25,2024-05-05,3,288.3,1885.91,True,em_risco,SP,F,18-24
CLI-001448,ecommerce,perfumes,2024-06-16,2024-09-09,2,228.67,1014.49,False,em_risco,SP,NI,18-24
CLI-001449,loja_propria,skincare,2024-09-12,2024-12-31,6,175.15,2363.3,True,ativo,RJ,F,25-34
CLI-001450,ecommerce,perfumes,2023-02-20,2023-07-14,1,212.45,532.74,False,inativo,BA,M,35-44
CLI-001451,ecommerce,skincare,2024-06-24,2024-07-14,3,153.27,1044.68,True,ativo,PR,F,35-44
CLI-001452,franquia,skincare,2023-08-29,2024-03-04,2,210.86,801.94,False,ativo,DF,M,45-54
CLI-001453,marketplace,perfumes,2023-09-24,2024-02-25,1,158.7,474.13,False,em_risco,RJ,F,35-44
CLI-001454,loja_propria,maquiagem,2023-11-20,2024-05-24,2,51.76,200.32,False,inativo,SC,NI,35-44
CLI-001455,marketplace,skincare,2023-10-30,2024-03-02,1,152.44,362.24,False,em_risco,SP,F,25-34
CLI-001456,ecommerce,skincare,2023-10-23,2024-08-05,1,191.21,514.69,False,ativo,RJ,NI,45-54
CLI-001457,ecommerce,perfumes,2024-01-19,2024-06-17,4,368.16,4375.4,True,inativo,BA,F,25-34
CLI-001458,marketplace,perfumes,2024-08-01,2024-12-31,2,130.68,676.65,False,inativo,MG,M,25-34
CLI-001459,franquia,perfumes,2023-07-10,2023-08-24,6,196.1,2891.68,True,ativo,SP,F,35-44
CLI-001460,ecommerce,haircare,2023-01-25,2023-04-23,2,105.43,372.53,False,inativo,BA,F,45-54
CLI-001461,ecommerce,haircare,2023-07-03,2024-07-25,2,90.99,361.37,False,ativo,PR,F,35-44
CLI-001462,loja_propria,haircare,2023-04-18,2023-12-25,1,180.2,389.93,False,inativo,MG,F,25-34
CLI-001463,ecommerce,maquiagem,2024-01-10,2024-08-02,3,58.87,446.61,True,em_risco,PR,F,45-54
CLI-001464,loja_propria,haircare,2024-05-01,2024-09-06,12,81.99,1495.06,True,ativo,BA,F,25-34
CLI-001465,franquia,maquiagem,2024-07-08,2024-11-08,1,153.8,335.44,False,inativo,SP,F,25-34
CLI-001466,franquia,perfumes,2024-06-29,2024-08-14,1,254.35,700.08,False,ativo,RJ,F,25-34
CLI-001467,ecommerce,maquiagem,2023-11-14,2024-02-10,1,47.6,120.78,False,ativo,RJ,M,55+
CLI-001468,ecommerce,haircare,2023-04-18,2023-07-19,1,248.66,654.55,False,inativo,SP,F,55+
CLI-001469,ecommerce,maquiagem,2024-09-10,2024-12-31,2,75.83,228.98,False,ativo,DF,M,35-44
CLI-001470,ecommerce,skincare,2023-11-09,2024-01-14,2,129.7,453.43,False,ativo,MG,F,35-44
CLI-001471,loja_propria,maquiagem,2023-07-30,2024-03-24,2,165.07,872.24,False,ativo,SP,F,35-44
CLI-001472,loja_propria,skincare,2023-01-22,2023-11-25,3,125.58,623.26,True,inativo,SP,F,25-34
CLI-001473,marketplace,perfumes,2024-01-03,2024-03-19,3,368.81,3006.27,True,inativo,SP,F,35-44
CLI-001474,loja_propria,skincare,2023-11-03,2024-05-28,2,361.88,1186.47,False,em_risco,SP,F,35-44
CLI-001475,marketplace,perfumes,2023-04-03,2023-06-27,2,422.2,1704.7,False,ativo,PE,F,35-44
CLI-001476,marketplace,skincare,2023-05-06,2023-06-29,6,293.6,3668.24,True,inativo,MG,F,45-54
CLI-001477,ecommerce,skincare,2023-04-28,2023-06-03,3,196.83,1153.46,True,inativo,SP,F,25-34
CLI-001478,ecommerce,maquiagem,2024-06-17,2024-06-20,1,135.45,286.42,False,em_risco,SP,M,25-34
CLI-001479,marketplace,maquiagem,2023-08-25,2024-03-24,2,87.1,464.57,False,inativo,BA,F,25-34
CLI-001480,marketplace,skincare,2023-02-14,2023-06-07,4,110.95,1182.83,True,em_risco,PR,F,35-44
CLI-001481,ecommerce,haircare,2023-11-17,2024-06-03,1,77.82,168.49,False,ativo,PE,F,25-34
CLI-001482,franquia,haircare,2024-06-20,2024-07-24,3,208.06,1361.06,True,ativo,PE,F,18-24
CLI-001483,ecommerce,perfumes,2024-01-07,2024-07-07,3,499.89,2276.04,True,ativo,GO,F,45-54
CLI-001484,marketplace,haircare,2024-05-28,2024-12-31,1,90.24,206.15,False,em_risco,RJ,F,18-24
CLI-001485,marketplace,maquiagem,2023-12-07,2024-12-10,3,206.06,1620.04,True,ativo,PR,NI,45-54
CLI-001486,marketplace,skincare,2024-07-18,2024-12-31,12,153.31,3745.04,True,ativo,BA,F,35-44
CLI-001487,ecommerce,haircare,2023-02-26,2023-12-08,2,106.23,478.36,False,ativo,GO,F,55+
CLI-001488,ecommerce,maquiagem,2023-03-31,2024-03-14,4,83.43,833.5,True,ativo,SP,F,55+
CLI-001489,ecommerce,skincare,2023-09-08,2024-05-07,2,129.94,395.77,False,inativo,SC,F,18-24
CLI-001490,ecommerce,skincare,2023-03-24,2023-08-15,2,249.01,1117.81,False,ativo,PE,F,35-44
CLI-001491,loja_propria,haircare,2024-08-29,2024-12-31,2,223.43,955.11,False,inativo,SP,F,45-54
CLI-001492,marketplace,perfumes,2023-04-17,2023-11-12,1,406.47,753.96,False,inativo,RJ,F,25-34
CLI-001493,franquia,haircare,2024-05-31,2024-12-31,1,70.62,159.3,False,em_risco,MG,F,25-34
CLI-001494,marketplace,skincare,2023-02-04,2023-10-25,2,360.06,1592.58,False,ativo,MG,NI,25-34
CLI-001495,franquia,perfumes,2024-02-18,2024-07-05,3,544.61,4457.02,True,inativo,DF,NI,25-34
CLI-001496,franquia,haircare,2023-08-26,2023-10-12,3,133.04,961.0,True,inativo,DF,F,18-24
CLI-001497,marketplace,maquiagem,2024-06-07,2024-12-31,12,136.92,3063.65,True,ativo,GO,F,25-34
CLI-001498,franquia,perfumes,2024-02-02,2024-03-04,2,176.16,682.19,False,ativo,RS,F,25-34
CLI-001499,ecommerce,perfumes,2023-04-17,2023-07-05,3,155.96,1008.2,True,ativo,SP,F,25-34
CLI-001500,ecommerce,maquiagem,2024-01-04,2024-10-06,12,197.93,6919.85,True,em_risco,SP,F,18-24
CLI-001501,marketplace,skincare,2023-04-13,2024-04-18,1,223.6,350.16,False,inativo,DF,M,35-44
CLI-001502,marketplace,perfumes,2024-08-24,2024-12-03,12,470.42,13129.17,True,em_risco,PE,F,25-34
CLI-001503,franquia,skincare,2024-08-17,2024-11-28,2,261.21,903.74,False,inativo,SC,F,45-54
CLI-001504,ecommerce,skincare,2023-01-11,2023-09-28,4,128.95,934.92,True,ativo,RJ,F,25-34
CLI-001505,marketplace,maquiagem,2023-12-04,2024-06-27,3,205.13,951.3,True,ativo,SP,F,35-44
CLI-001506,ecommerce,perfumes,2023-08-11,2024-09-12,3,489.85,2764.05,True,inativo,PR,F,18-24
CLI-001507,ecommerce,haircare,2024-09-05,2024-10-21,3,172.62,1005.44,True,ativo,SC,F,35-44
CLI-001508,ecommerce,maquiagem,2023-04-29,2023-06-10,12,76.65,2562.21,True,ativo,SC,NI,25-34
CLI-001509,franquia,skincare,2023-09-09,2024-09-24,3,117.41,728.88,True,ativo,GO,F,35-44
CLI-001510,marketplace,skincare,2024-03-28,2024-12-31,2,217.09,732.73,False,ativo,BA,F,45-54
CLI-001511,marketplace,maquiagem,2024-08-21,2024-09-17,2,161.84,947.58,False,ativo,RJ,F,25-34
CLI-001512,marketplace,perfumes,2023-11-09,2024-10-02,3,324.56,2712.63,True,inativo,SP,NI,35-44
CLI-001513,ecommerce,maquiagem,2024-06-09,2024-12-03,4,194.03,1642.58,True,inativo,GO,F,35-44
CLI-001514,ecommerce,haircare,2023-09-09,2024-02-06,4,141.21,1286.19,True,inativo,SP,F,25-34
CLI-001515,ecommerce,haircare,2023-03-01,2023-06-02,1,123.76,195.28,False,em_risco,RJ,F,25-34
CLI-001516,marketplace,skincare,2024-03-26,2024-05-02,2,326.11,1049.99,False,ativo,SP,F,45-54
CLI-001517,marketplace,perfumes,2024-07-23,2024-12-31,4,159.19,1683.67,True,ativo,SP,F,45-54
CLI-001518,ecommerce,maquiagem,2023-03-11,2023-04-09,3,145.17,925.89,True,ativo,PR,M,45-54
CLI-001519,marketplace,perfumes,2024-08-14,2024-12-31,6,463.84,5762.22,True,em_risco,MG,F,18-24
CLI-001520,ecommerce,maquiagem,2023-09-01,2024-09-07,2,141.55,614.15,False,ativo,RJ,F,45-54
CLI-001521,marketplace,haircare,2024-05-01,2024-05-04,3,135.5,994.04,True,ativo,SP,F,25-34
CLI-001522,ecommerce,skincare,2024-05-31,2024-12-31,4,323.27,2543.42,True,em_risco,RS,F,35-44
CLI-001523,ecommerce,perfumes,2023-01-08,2023-08-07,6,520.96,7873.64,True,ativo,RJ,F,45-54
CLI-001524,marketplace,skincare,2024-05-15,2024-12-31,3,91.36,444.12,True,ativo,SP,F,18-24
CLI-001525,franquia,perfumes,2023-05-03,2024-01-15,1,511.13,854.41,False,ativo,SC,F,18-24
CLI-001526,marketplace,skincare,2023-12-20,2024-01-31,4,343.42,4019.34,True,ativo,PR,F,25-34
CLI-001527,marketplace,haircare,2024-04-11,2024-12-03,2,138.35,485.16,False,em_risco,PR,F,25-34
CLI-001528,ecommerce,skincare,2023-12-20,2024-09-07,2,218.79,1185.43,False,em_risco,DF,F,25-34
CLI-001529,ecommerce,maquiagem,2024-05-06,2024-12-31,2,185.27,822.28,False,ativo,MG,F,35-44
CLI-001530,franquia,perfumes,2023-11-10,2024-02-11,6,467.75,7646.45,True,ativo,SP,F,45-54
CLI-001531,marketplace,perfumes,2023-08-14,2024-08-13,1,173.45,452.82,False,inativo,BA,F,18-24
CLI-001532,loja_propria,skincare,2023-04-26,2024-01-11,12,325.02,5896.6,True,ativo,MG,F,35-44
CLI-001533,franquia,haircare,2024-02-04,2024-11-15,2,80.25,297.13,False,inativo,RJ,F,25-34
CLI-001534,marketplace,haircare,2024-07-24,2024-12-31,3,121.37,584.26,True,inativo,SP,F,35-44
CLI-001535,marketplace,skincare,2024-10-12,2024-12-03,12,307.63,8610.46,True,ativo,PR,NI,18-24
CLI-001536,marketplace,maquiagem,2023-03-16,2023-11-19,1,122.13,294.71,False,em_risco,MG,F,35-44
CLI-001537,marketplace,maquiagem,2023-04-21,2023-09-12,2,89.66,506.01,False,inativo,SP,F,25-34
CLI-001538,ecommerce,perfumes,2024-03-31,2024-11-29,3,207.43,1843.57,True,ativo,GO,F,35-44
CLI-001539,ecommerce,skincare,2023-06-21,2024-06-15,1,388.62,682.05,False,inativo,SP,M,35-44
CLI-001540,franquia,perfumes,2023-06-07,2024-06-06,2,304.23,1166.97,False,ativo,MG,F,25-34
CLI-001541,ecommerce,maquiagem,2024-01-16,2024-02-11,2,140.85,464.27,False,em_risco,MG,F,25-34
CLI-001542,marketplace,maquiagem,2023-12-15,2023-12-27,4,64.15,710.28,True,em_risco,SP,F,25-34
CLI-001543,marketplace,skincare,2024-01-30,2024-09-17,2,328.19,1487.67,False,inativo,RJ,F,25-34
CLI-001544,marketplace,perfumes,2023-01-29,2023-08-12,1,527.39,1192.96,False,ativo,RJ,F,35-44
CLI-001545,ecommerce,skincare,2023-03-31,2024-03-04,6,244.74,3014.42,True,inativo,RS,M,18-24
CLI-001546,ecommerce,maquiagem,2024-05-12,2024-09-03,3,72.55,451.64,True,inativo,SP,F,18-24
CLI-001547,marketplace,skincare,2023-02-14,2023-04-13,4,240.84,2545.45,True,ativo,SP,F,35-44
CLI-001548,franquia,skincare,2024-05-19,2024-10-05,1,155.8,334.14,False,inativo,GO,M,25-34
CLI-001549,ecommerce,skincare,2024-06-20,2024-11-05,1,263.25,579.06,False,ativo,SP,M,35-44
CLI-001550,ecommerce,skincare,2023-02-26,2023-04-24,2,286.53,1071.63,False,em_risco,PE,F,25-34
CLI-001551,franquia,maquiagem,2024-07-20,2024-12-31,1,178.04,335.12,False,em_risco,SP,F,35-44
CLI-001552,marketplace,haircare,2023-11-02,2024-01-11,12,208.45,4301.69,True,ativo,RS,F,25-34
CLI-001553,loja_propria,haircare,2024-08-06,2024-12-31,6,118.0,1496.23,True,em_risco,RS,F,25-34
CLI-001554,loja_propria,skincare,2023-02-01,2023-08-28,1,212.4,500.91,False,ativo,MG,F,45-54
CLI-001555,marketplace,perfumes,2024-06-01,2024-11-05,12,145.58,4773.94,True,ativo,MG,F,25-34
CLI-001556,franquia,maquiagem,2023-07-13,2024-08-11,2,153.97,634.99,False,ativo,RS,F,45-54
CLI-001557,ecommerce,skincare,2023-08-06,2023-11-08,2,120.02,436.31,False,ativo,PR,M,35-44
CLI-001558,loja_propria,haircare,2024-02-14,2024-12-29,12,192.16,5470.91,True,ativo,SP,F,35-44
CLI-001559,franquia,haircare,2024-04-08,2024-08-11,2,96.03,549.24,False,em_risco,RJ,F,55+
CLI-001560,marketplace,skincare,2024-03-31,2024-04-26,4,363.38,2885.43,True,ativo,SP,F,45-54
CLI-001561,ecommerce,skincare,2023-06-10,2023-11-24,1,372.34,618.4,False,em_risco,GO,F,25-34
CLI-001562,marketplace,skincare,2023-07-20,2023-12-19,2,166.81,930.45,False,ativo,RJ,M,18-24
CLI-001563,loja_propria,skincare,2024-01-25,2024-07-29,1,315.88,513.09,False,ativo,SP,F,35-44
CLI-001564,ecommerce,perfumes,2023-03-07,2023-05-15,1,474.36,1414.74,False,em_risco,SP,F,35-44
CLI-001565,ecommerce,skincare,2023-08-20,2024-06-04,1,266.62,786.98,False,inativo,MG,F,55+
CLI-001566,loja_propria,skincare,2024-01-16,2024-12-31,1,109.52,218.22,False,inativo,SP,F,25-34
CLI-001567,marketplace,maquiagem,2023-05-01,2024-03-06,2,91.16,280.76,False,ativo,RS,M,25-34
CLI-001568,marketplace,maquiagem,2023-04-25,2024-05-15,3,103.85,650.8,True,ativo,SP,F,55+
CLI-001569,ecommerce,perfumes,2024-06-12,2024-12-08,2,174.52,543.34,False,inativo,SP,F,25-34
CLI-001570,franquia,skincare,2024-01-14,2024-03-05,2,337.47,1252.85,False,ativo,SC,NI,45-54
CLI-001571,loja_propria,haircare,2024-02-23,2024-09-04,12,88.67,1678.67,True,ativo,SC,F,35-44
CLI-001572,franquia,perfumes,2024-07-18,2024-12-05,3,310.26,1905.27,True,ativo,PE,F,25-34
CLI-001573,loja_propria,perfumes,2023-12-26,2024-12-02,2,136.51,470.95,False,inativo,MG,F,45-54
CLI-001574,ecommerce,haircare,2023-03-17,2023-12-16,1,242.33,460.61,False,ativo,SP,F,18-24
CLI-001575,ecommerce,maquiagem,2023-02-14,2023-11-14,3,166.86,1303.85,True,ativo,SP,F,35-44
CLI-001576,marketplace,maquiagem,2024-08-24,2024-12-31,6,102.55,1607.39,True,inativo,MG,F,25-34
CLI-001577,ecommerce,maquiagem,2023-09-02,2024-04-16,3,77.01,504.91,True,ativo,DF,F,18-24
CLI-001578,ecommerce,skincare,2024-07-25,2024-12-31,1,132.73,250.08,False,inativo,SP,F,18-24
CLI-001579,marketplace,skincare,2023-04-01,2023-11-29,1,166.26,311.77,False,em_risco,DF,F,25-34
CLI-001580,loja_propria,haircare,2023-01-27,2023-12-29,4,127.86,1340.93,True,ativo,RS,M,18-24
CLI-001581,franquia,skincare,2024-07-12,2024-10-30,1,309.95,850.78,False,inativo,MG,F,45-54
CLI-001582,ecommerce,skincare,2024-02-23,2024-06-30,1,158.76,325.77,False,ativo,SP,F,35-44
CLI-001583,franquia,skincare,2024-09-23,2024-11-13,1,360.17,779.87,False,ativo,SP,F,35-44
CLI-001584,franquia,haircare,2024-05-02,2024-05-22,1,186.58,286.48,False,ativo,SP,NI,35-44
CLI-001585,marketplace,perfumes,2024-08-16,2024-12-31,3,500.81,3165.4,True,inativo,SP,F,45-54
CLI-001586,loja_propria,skincare,2023-10-30,2024-07-10,3,192.86,1365.47,True,inativo,RJ,M,18-24
CLI-001587,ecommerce,maquiagem,2024-07-25,2024-12-31,3,173.65,1134.71,True,ativo,RJ,F,35-44
CLI-001588,marketplace,haircare,2023-10-15,2024-08-27,1,144.85,345.4,False,ativo,DF,F,45-54
CLI-001589,ecommerce,maquiagem,2024-01-24,2024-07-12,3,195.17,1483.39,True,ativo,RJ,F,45-54
CLI-001590,loja_propria,maquiagem,2023-06-18,2024-06-17,1,208.67,475.84,False,ativo,SP,M,25-34
CLI-001591,marketplace,skincare,2024-07-24,2024-10-23,4,338.66,2202.66,True,em_risco,MG,M,25-34
CLI-001592,franquia,skincare,2023-03-03,2023-10-18,2,274.79,1121.59,False,em_risco,BA,F,55+
CLI-001593,loja_propria,haircare,2023-06-12,2023-09-04,12,102.83,1969.52,True,ativo,SP,F,45-54
CLI-001594,franquia,perfumes,2023-07-20,2024-08-10,6,478.53,4441.97,True,inativo,PE,F,25-34
CLI-001595,marketplace,perfumes,2024-08-05,2024-12-31,2,176.78,949.4,False,ativo,SP,F,25-34
CLI-001596,ecommerce,perfumes,2023-09-22,2024-02-07,3,133.88,873.39,True,em_risco,RJ,F,35-44
CLI-001597,franquia,skincare,2024-02-16,2024-10-27,1,269.98,501.71,False,ativo,RJ,F,35-44
CLI-001598,ecommerce,maquiagem,2024-07-28,2024-12-02,3,118.86,551.02,True,inativo,PR,F,35-44
CLI-001599,marketplace,skincare,2023-11-23,2023-12-19,1,180.48,377.79,False,em_risco,PR,F,25-34
CLI-001600,marketplace,haircare,2023-06-17,2024-01-21,3,175.04,1361.36,True,inativo,BA,F,18-24
CLI-001601,ecommerce,haircare,2023-11-23,2024-01-08,2,140.07,695.31,False,ativo,PR,F,18-24
CLI-001602,marketplace,skincare,2023-02-05,2024-02-16,1,306.03,584.97,False,inativo,RS,F,25-34
CLI-001603,ecommerce,skincare,2024-04-16,2024-12-06,2,378.43,1746.71,False,em_risco,BA,F,25-34
CLI-001604,marketplace,haircare,2023-05-05,2023-10-07,4,126.06,1233.12,True,ativo,SP,M,55+
CLI-001605,franquia,maquiagem,2023-02-11,2023-07-27,4,118.31,917.93,True,em_risco,SP,F,18-24
CLI-001606,loja_propria,skincare,2023-05-23,2023-06-04,2,111.02,552.53,False,ativo,RS,F,45-54
CLI-001607,marketplace,skincare,2023-06-04,2024-01-11,1,233.6,537.11,False,ativo,BA,F,25-34
CLI-001608,marketplace,skincare,2024-01-22,2024-04-09,3,355.09,1782.49,True,ativo,RS,F,35-44
CLI-001609,ecommerce,haircare,2023-04-22,2024-03-17,6,132.39,1232.92,True,ativo,SP,NI,35-44
CLI-001610,ecommerce,skincare,2024-05-03,2024-12-04,1,228.32,450.09,False,ativo,RS,M,35-44
CLI-001611,marketplace,maquiagem,2023-09-28,2024-05-22,2,49.37,247.2,False,em_risco,RJ,F,35-44
CLI-001612,ecommerce,maquiagem,2023-12-29,2024-10-02,4,128.41,1449.32,True,em_risco,RJ,F,35-44
CLI-001613,ecommerce,perfumes,2023-09-14,2023-11-30,2,292.39,1136.63,False,em_risco,GO,F,25-34
CLI-001614,marketplace,skincare,2023-05-27,2024-04-22,2,109.11,615.1,False,em_risco,RS,F,18-24
CLI-001615,ecommerce,skincare,2023-07-14,2024-07-25,1,324.66,711.95,False,inativo,SP,F,25-34
CLI-001616,loja_propria,maquiagem,2023-02-24,2023-07-17,3,85.84,536.42,True,ativo,SP,F,18-24
CLI-001617,marketplace,haircare,2024-01-02,2024-12-31,1,74.07,148.79,False,inativo,RJ,M,35-44
CLI-001618,marketplace,perfumes,2024-10-07,2024-12-31,1,126.4,262.03,False,ativo,SC,M,45-54
CLI-001619,loja_propria,haircare,2024-07-26,2024-12-31,1,234.37,592.14,False,inativo,PE,F,35-44
CLI-001620,loja_propria,perfumes,2023-02-27,2024-02-25,3,445.73,2020.2,True,em_risco,RJ,F,25-34
CLI-001621,ecommerce,perfumes,2023-02-28,2024-02-27,1,499.42,1284.0,False,ativo,RJ,M,25-34
CLI-001622,franquia,maquiagem,2023-08-23,2024-01-22,2,98.89,571.78,False,inativo,MG,F,35-44
CLI-001623,franquia,skincare,2024-03-31,2024-11-22,1,389.69,733.11,False,ativo,SP,F,45-54
CLI-001624,marketplace,skincare,2024-05-29,2024-07-15,6,117.69,1931.4,True,ativo,SC,F,35-44
CLI-001625,ecommerce,perfumes,2024-05-06,2024-10-25,3,224.87,1163.43,True,ativo,RJ,F,25-34
CLI-001626,marketplace,skincare,2023-06-27,2024-06-27,6,378.43,5132.82,True,ativo,SP,M,18-24
CLI-001627,marketplace,maquiagem,2023-04-09,2023-09-09,4,168.9,1621.66,True,ativo,SP,M,25-34
CLI-001628,marketplace,skincare,2023-10-24,2024-11-06,6,277.36,4208.4,True,ativo,RJ,M,35-44
CLI-001629,ecommerce,haircare,2023-10-01,2024-01-17,1,109.81,258.83,False,ativo,SP,F,25-34
CLI-001630,loja_propria,skincare,2023-11-07,2024-04-06,1,96.79,190.35,False,ativo,SP,F,18-24
CLI-001631,franquia,haircare,2024-09-07,2024-12-31,1,102.86,174.6,False,em_risco,SP,F,18-24
CLI-001632,franquia,maquiagem,2023-06-01,2024-04-14,3,80.5,700.82,True,ativo,SP,F,35-44
CLI-001633,ecommerce,maquiagem,2024-08-25,2024-12-31,4,135.32,1016.96,True,ativo,SP,F,55+
CLI-001634,franquia,maquiagem,2023-12-17,2024-03-20,4,73.05,831.31,True,inativo,MG,F,45-54
CLI-001635,marketplace,skincare,2024-05-25,2024-12-31,3,310.42,2625.15,True,ativo,RJ,M,25-34
CLI-001636,marketplace,haircare,2024-04-14,2024-12-31,1,249.05,711.29,False,ativo,RJ,F,55+
CLI-001637,ecommerce,perfumes,2024-09-13,2024-12-31,3,292.74,1679.97,True,em_risco,SP,F,35-44
CLI-001638,marketplace,haircare,2023-12-23,2024-10-04,2,158.07,637.25,False,em_risco,PR,F,45-54
CLI-001639,ecommerce,perfumes,2023-06-01,2023-08-11,3,263.24,1852.15,True,ativo,RJ,F,25-34
CLI-001640,ecommerce,perfumes,2024-07-28,2024-12-31,4,466.36,4520.64,True,ativo,SP,NI,45-54
CLI-001641,ecommerce,perfumes,2024-06-22,2024-09-15,4,252.83,2040.91,True,em_risco,PR,F,35-44
CLI-001642,marketplace,haircare,2023-10-18,2024-05-27,4,141.56,921.93,True,ativo,MG,F,45-54
CLI-001643,loja_propria,skincare,2024-04-22,2024-12-14,1,374.07,646.34,False,ativo,SP,F,25-34
CLI-001644,ecommerce,skincare,2024-10-10,2024-12-31,4,146.3,1440.54,True,inativo,PE,F,25-34
CLI-001645,franquia,maquiagem,2023-11-28,2024-04-20,3,90.35,762.34,True,ativo,SP,F,18-24
CLI-001646,franquia,maquiagem,2024-02-18,2024-11-11,3,147.12,818.64,True,em_risco,MG,F,35-44
CLI-001647,ecommerce,maquiagem,2024-07-01,2024-12-18,3,125.97,864.37,True,ativo,SP,F,35-44
CLI-001648,loja_propria,skincare,2024-03-24,2024-12-31,3,375.21,2984.73,True,ativo,PR,M,25-34
CLI-001649,ecommerce,haircare,2023-05-15,2023-10-25,2,244.24,1167.62,False,inativo,GO,F,35-44
CLI-001650,ecommerce,skincare,2024-07-14,2024-09-08,1,373.45,839.52,False,ativo,GO,F,18-24
CLI-001651,marketplace,perfumes,2024-09-25,2024-11-09,1,547.02,1287.06,False,ativo,SP,F,25-34
CLI-001652,marketplace,maquiagem,2023-11-07,2024-10-06,4,204.36,1738.59,True,em_risco,PR,F,55+
CLI-001653,ecommerce,skincare,2024-09-27,2024-12-31,12,333.16,6306.98,True,ativo,RJ,F,35-44
CLI-001654,ecommerce,skincare,2023-08-21,2023-12-29,2,305.1,1315.66,False,ativo,RJ,M,45-54
CLI-001655,ecommerce,haircare,2024-05-27,2024-06-23,3,133.46,1010.89,True,ativo,SP,F,18-24
CLI-001656,loja_propria,perfumes,2024-05-13,2024-12-31,4,334.54,2818.74,True,ativo,SP,F,18-24
CLI-001657,loja_propria,haircare,2023-08-27,2023-10-08,2,96.61,547.82,False,ativo,RS,F,25-34
CLI-001658,ecommerce,maquiagem,2024-01-09,2024-04-04,1,143.68,240.4,False,em_risco,SP,M,18-24
CLI-001659,marketplace,perfumes,2024-05-24,2024-12-31,1,407.54,665.59,False,ativo,MG,F,45-54
CLI-001660,ecommerce,skincare,2023-04-10,2023-05-27,6,186.07,2575.24,True,ativo,SP,F,18-24
CLI-001661,franquia,skincare,2023-09-24,2024-04-12,1,217.47,552.22,False,em_risco,RJ,M,35-44
CLI-001662,marketplace,maquiagem,2024-07-16,2024-12-31,4,196.37,1946.87,True,inativo,PE,M,35-44
CLI-001663,franquia,haircare,2024-06-07,2024-07-20,2,111.21,464.22,False,inativo,SP,F,35-44
CLI-001664,marketplace,maquiagem,2024-06-04,2024-12-31,3,182.29,923.31,True,ativo,SP,M,55+
CLI-001665,marketplace,perfumes,2023-01-04,2023-12-02,1,432.69,1040.8,False,ativo,DF,F,18-24
CLI-001666,marketplace,maquiagem,2024-04-06,2024-09-05,1,80.29,173.4,False,em_risco,SP,F,55+
CLI-001667,loja_propria,perfumes,2023-05-26,2023-07-09,2,256.24,919.95,False,inativo,PE,F,25-34
CLI-001668,franquia,skincare,2023-01-10,2023-07-09,2,140.79,700.05,False,ativo,PR,F,35-44
CLI-001669,marketplace,skincare,2024-03-07,2024-08-09,2,175.05,959.42,False,inativo,SP,M,25-34
CLI-001670,franquia,skincare,2024-08-13,2024-11-16,2,241.67,891.5,False,inativo,SP,F,18-24
CLI-001671,marketplace,maquiagem,2023-12-23,2024-09-20,2,70.03,375.71,False,inativo,SC,F,35-44
CLI-001672,marketplace,skincare,2024-05-04,2024-12-31,6,201.43,2797.34,True,ativo,RJ,F,25-34
CLI-001673,loja_propria,skincare,2023-08-15,2023-11-19,2,350.73,1329.29,False,ativo,RJ,F,35-44
CLI-001674,franquia,skincare,2023-08-13,2023-08-25,4,150.03,1683.05,True,ativo,RJ,F,35-44
CLI-001675,ecommerce,perfumes,2023-12-23,2024-08-29,1,486.96,1041.05,False,inativo,SP,F,35-44
CLI-001676,marketplace,maquiagem,2023-01-21,2024-02-14,2,180.83,1034.08,False,inativo,PR,F,25-34
CLI-001677,marketplace,skincare,2024-02-23,2024-07-22,4,186.12,1213.17,True,ativo,SP,F,35-44
CLI-001678,ecommerce,perfumes,2023-03-13,2023-09-01,3,379.26,1735.92,True,inativo,RJ,M,35-44
CLI-001679,franquia,skincare,2023-12-03,2024-07-30,2,255.27,1046.5,False,inativo,MG,F,35-44
CLI-001680,ecommerce,maquiagem,2024-05-27,2024-12-31,6,150.17,1680.35,True,ativo,SP,F,45-54
CLI-001681,ecommerce,haircare,2023-09-04,2024-09-30,6,84.9,1528.08,True,ativo,RJ,M,25-34
CLI-001682,marketplace,maquiagem,2024-04-08,2024-05-09,1,77.6,226.51,False,ativo,RS,M,45-54
CLI-001683,ecommerce,perfumes,2024-07-24,2024-12-31,4,289.37,2629.07,True,inativo,RJ,F,25-34
CLI-001684,marketplace,perfumes,2024-03-10,2024-08-13,1,441.81,1195.94,False,em_risco,SP,F,45-54
CLI-001685,marketplace,perfumes,2023-02-07,2023-07-21,4,145.95,1256.45,True,ativo,SP,M,18-24
CLI-001686,franquia,perfumes,2024-03-04,2024-03-24,6,327.96,4751.25,True,ativo,MG,F,25-34
CLI-001687,ecommerce,skincare,2023-03-23,2024-04-16,1,215.5,572.96,False,ativo,MG,F,18-24
CLI-001688,loja_propria,perfumes,2023-03-21,2023-04-21,4,531.62,4761.12,True,ativo,SP,F,35-44
CLI-001689,ecommerce,skincare,2024-08-20,2024-12-31,6,168.86,2526.56,True,inativo,SP,M,45-54
CLI-001690,ecommerce,perfumes,2023-06-01,2023-12-23,6,549.47,6086.98,True,inativo,SP,F,25-34
CLI-001691,marketplace,perfumes,2023-10-10,2024-01-13,2,251.26,1226.42,False,em_risco,SP,NI,25-34
CLI-001692,marketplace,skincare,2023-06-30,2023-12-06,4,312.6,1970.54,True,ativo,RJ,F,35-44
CLI-001693,ecommerce,maquiagem,2023-10-03,2024-10-15,12,126.22,2701.12,True,inativo,SP,F,35-44
CLI-001694,franquia,perfumes,2024-03-27,2024-11-27,6,217.09,2368.22,True,ativo,PR,F,45-54
CLI-001695,loja_propria,perfumes,2023-06-14,2024-02-29,2,272.07,1607.72,False,ativo,SP,F,25-34
CLI-001696,franquia,perfumes,2023-06-27,2023-10-23,2,381.17,1487.36,False,ativo,SP,M,45-54
CLI-001697,marketplace,haircare,2023-11-11,2024-11-24,2,119.65,713.01,False,ativo,PR,M,35-44
CLI-001698,ecommerce,perfumes,2024-03-19,2024-11-20,1,359.63,879.85,False,em_risco,RS,F,35-44
CLI-001699,ecommerce,haircare,2023-04-03,2024-02-15,3,146.8,660.95,True,em_risco,RJ,M,25-34
CLI-001700,marketplace,skincare,2024-09-03,2024-12-16,1,187.6,505.64,False,inativo,RJ,F,25-34
CLI-001701,ecommerce,haircare,2023-12-25,2024-04-10,4,103.37,1175.97,True,em_risco,PE,M,35-44
CLI-001702,ecommerce,perfumes,2024-08-12,2024-12-20,2,157.27,901.09,False,ativo,SP,F,45-54
CLI-001703,loja_propria,perfumes,2024-07-13,2024-12-31,2,187.81,954.74,False,ativo,RJ,M,35-44
CLI-001704,marketplace,skincare,2024-09-12,2024-12-31,1,161.82,244.94,False,inativo,SP,M,25-34
CLI-001705,franquia,perfumes,2024-04-27,2024-11-01,3,462.08,3374.5,True,ativo,SP,F,35-44
CLI-001706,loja_propria,haircare,2024-06-26,2024-12-31,3,178.73,869.74,True,ativo,SP,F,25-34
CLI-001707,marketplace,maquiagem,2024-02-13,2024-12-31,3,112.49,609.22,True,inativo,MG,F,55+
CLI-001708,franquia,haircare,2024-02-25,2024-05-18,3,102.7,568.49,True,ativo,SP,F,55+
CLI-001709,ecommerce,perfumes,2023-12-05,2024-04-06,6,385.18,6669.72,True,inativo,GO,F,25-34
CLI-001710,marketplace,skincare,2023-05-13,2024-06-03,2,97.07,513.23,False,ativo,SP,M,18-24
CLI-001711,ecommerce,maquiagem,2024-02-11,2024-09-29,6,114.15,1333.65,True,inativo,BA,F,18-24
CLI-001712,ecommerce,skincare,2023-02-14,2023-03-22,2,203.46,926.14,False,em_risco,BA,M,25-34
CLI-001713,marketplace,maquiagem,2024-01-08,2024-09-07,6,155.0,2737.79,True,ativo,MG,F,35-44
CLI-001714,franquia,maquiagem,2024-03-05,2024-09-05,1,79.46,186.08,False,ativo,BA,F,18-24
CLI-001715,franquia,perfumes,2023-03-03,2023-12-22,1,136.19,401.89,False,ativo,SP,M,18-24
CLI-001716,loja_propria,perfumes,2024-02-21,2024-05-04,1,428.14,1181.87,False,ativo,RJ,F,18-24
CLI-001717,ecommerce,skincare,2024-04-06,2024-08-23,1,173.45,429.56,False,ativo,RS,M,35-44
CLI-001718,loja_propria,perfumes,2024-04-02,2024-11-22,1,306.72,680.02,False,ativo,SP,F,18-24
CLI-001719,ecommerce,skincare,2024-06-27,2024-12-14,3,119.76,638.62,True,em_risco,SP,F,18-24
CLI-001720,franquia,maquiagem,2024-08-16,2024-12-31,2,134.16,458.22,False,inativo,SP,M,35-44
CLI-001721,ecommerce,skincare,2023-12-08,2023-12-29,2,145.45,735.21,False,em_risco,MG,F,35-44
CLI-001722,franquia,skincare,2023-12-30,2024-07-30,3,244.71,2009.95,True,em_risco,PR,F,35-44
CLI-001723,ecommerce,maquiagem,2024-07-18,2024-12-05,2,121.48,393.72,False,ativo,SP,F,18-24
CLI-001724,ecommerce,skincare,2023-05-07,2023-10-15,3,114.64,859.72,True,ativo,PR,F,45-54
CLI-001725,ecommerce,haircare,2024-07-15,2024-12-31,3,127.85,886.26,True,inativo,MG,M,25-34
CLI-001726,franquia,skincare,2024-09-22,2024-11-10,2,272.04,1123.88,False,ativo,PR,F,45-54
CLI-001727,ecommerce,maquiagem,2023-01-24,2023-08-03,1,99.51,278.7,False,ativo,SP,F,25-34
CLI-001728,marketplace,maquiagem,2024-07-05,2024-09-10,6,85.98,814.02,True,inativo,SP,F,35-44
CLI-001729,loja_propria,perfumes,2023-10-18,2024-10-01,1,421.51,1091.55,False,ativo,PE,F,45-54
CLI-001730,ecommerce,maquiagem,2023-07-28,2024-05-31,3,57.61,319.61,True,em_risco,MG,F,35-44
CLI-001731,franquia,haircare,2024-02-24,2024-08-20,2,83.93,431.45,False,ativo,SP,F,25-34
CLI-001732,ecommerce,maquiagem,2024-05-27,2024-12-31,1,105.28,255.05,False,ativo,MG,F,18-24
CLI-001733,marketplace,haircare,2023-10-06,2024-10-12,3,88.09,518.45,True,inativo,SP,F,25-34
CLI-001734,ecommerce,skincare,2023-03-15,2023-10-25,1,234.69,591.55,False,ativo,DF,M,18-24
CLI-001735,marketplace,maquiagem,2023-04-23,2023-09-27,1,76.57,166.89,False,ativo,RS,F,35-44
CLI-001736,marketplace,skincare,2023-01-06,2023-04-19,2,195.85,733.94,False,ativo,RJ,F,18-24
CLI-001737,ecommerce,skincare,2023-10-29,2024-01-01,4,158.07,1075.16,True,em_risco,SP,F,35-44
CLI-001738,franquia,haircare,2023-05-17,2023-12-19,1,136.64,404.44,False,em_risco,SP,F,45-54
CLI-001739,loja_propria,perfumes,2023-08-12,2023-09-19,2,542.44,3043.63,False,inativo,RJ,M,35-44
CLI-001740,ecommerce,haircare,2023-07-14,2024-02-17,3,148.87,711.0,True,ativo,RJ,F,25-34
CLI-001741,ecommerce,perfumes,2024-01-02,2024-12-24,2,427.54,1903.05,False,ativo,MG,F,35-44
CLI-001742,franquia,perfumes,2023-03-12,2023-04-03,1,141.67,408.11,False,em_risco,PR,F,35-44
CLI-001743,marketplace,maquiagem,2024-01-08,2024-07-16,2,73.28,344.04,False,ativo,SP,F,55+
CLI-001744,marketplace,maquiagem,2023-12-21,2023-12-30,2,114.85,585.71,False,ativo,MG,F,18-24
CLI-001745,ecommerce,skincare,2024-07-22,2024-12-31,6,265.1,2523.41,True,em_risco,SP,F,35-44
CLI-001746,ecommerce,skincare,2023-06-18,2023-08-10,1,237.15,494.83,False,em_risco,RS,F,45-54
CLI-001747,ecommerce,maquiagem,2023-02-10,2023-10-19,3,145.09,861.12,True,ativo,SP,F,35-44
CLI-001748,ecommerce,haircare,2023-02-14,2023-08-29,6,151.45,2098.05,True,ativo,SP,F,25-34
CLI-001749,marketplace,maquiagem,2023-09-13,2024-08-11,2,132.21,669.97,False,ativo,SP,M,45-54
CLI-001750,ecommerce,skincare,2023-07-21,2023-09-22,1,132.17,226.31,False,ativo,RS,M,18-24
CLI-001751,loja_propria,perfumes,2023-07-07,2024-02-27,4,132.92,1033.88,True,ativo,RJ,M,25-34
CLI-001752,marketplace,skincare,2023-09-12,2024-10-03,12,129.18,2504.58,True,ativo,DF,F,25-34
CLI-001753,franquia,perfumes,2024-08-07,2024-12-31,2,471.56,1797.9,False,ativo,SP,M,18-24
CLI-001754,franquia,maquiagem,2023-04-19,2024-01-11,2,172.13,573.36,False,inativo,SP,F,35-44
CLI-001755,franquia,maquiagem,2023-06-16,2024-01-20,2,115.15,550.32,False,ativo,SP,F,18-24
CLI-001756,ecommerce,perfumes,2024-04-03,2024-06-09,1,468.8,841.4,False,ativo,SP,F,45-54
CLI-001757,ecommerce,perfumes,2023-01-21,2023-10-14,2,542.47,2128.77,False,ativo,GO,F,35-44
CLI-001758,ecommerce,skincare,2024-03-01,2024-10-10,2,392.68,1618.24,False,em_risco,SP,F,18-24
CLI-001759,ecommerce,maquiagem,2024-04-04,2024-09-23,1,200.01,307.23,False,ativo,SP,F,25-34
CLI-001760,marketplace,maquiagem,2024-09-14,2024-12-31,1,48.7,107.1,False,ativo,RS,M,18-24
CLI-001761,ecommerce,haircare,2023-07-13,2024-04-22,3,244.4,1605.99,True,inativo,SP,F,35-44
CLI-001762,ecommerce,perfumes,2024-04-20,2024-08-09,2,275.73,1442.73,False,ativo,SP,M,25-34
CLI-001763,marketplace,haircare,2023-07-26,2023-09-16,1,65.95,128.19,False,em_risco,RJ,M,45-54
CLI-001764,franquia,perfumes,2024-03-03,2024-09-06,2,184.74,1046.78,False,em_risco,SP,F,55+
CLI-001765,loja_propria,skincare,2024-07-23,2024-12-31,6,316.27,5057.29,True,inativo,GO,F,18-24
CLI-001766,ecommerce,haircare,2024-02-06,2024-06-25,2,99.27,544.62,False,inativo,RS,F,18-24
CLI-001767,marketplace,haircare,2023-03-01,2024-03-01,1,180.36,503.57,False,em_risco,SP,F,18-24
CLI-001768,marketplace,maquiagem,2024-07-24,2024-12-31,2,103.7,404.38,False,ativo,PE,M,18-24
CLI-001769,franquia,perfumes,2023-12-23,2024-12-01,2,405.74,2260.18,False,ativo,RJ,F,35-44
CLI-001770,ecommerce,skincare,2023-07-31,2023-08-13,1,186.84,453.93,False,ativo,SP,F,35-44
CLI-001771,franquia,maquiagem,2023-07-09,2023-11-05,2,113.6,417.57,False,inativo,PE,F,35-44
CLI-001772,marketplace,perfumes,2024-02-27,2024-12-31,6,193.25,2239.85,True,inativo,MG,F,25-34
CLI-001773,marketplace,perfumes,2024-10-05,2024-12-31,12,191.17,6472.38,True,ativo,RS,F,25-34
CLI-001774,marketplace,skincare,2023-03-25,2024-02-28,3,278.69,2133.96,True,ativo,SP,F,25-34
CLI-001775,franquia,haircare,2023-03-28,2023-10-30,1,261.77,735.2,False,inativo,RS,F,35-44
CLI-001776,ecommerce,skincare,2023-02-25,2023-05-07,1,324.64,946.28,False,ativo,SP,F,55+
CLI-001777,franquia,perfumes,2023-02-10,2023-06-13,3,492.25,3129.03,True,em_risco,SP,NI,35-44
CLI-001778,ecommerce,maquiagem,2023-09-21,2023-09-22,3,185.5,1373.25,True,ativo,RJ,F,35-44
CLI-001779,ecommerce,haircare,2024-09-17,2024-12-31,2,174.0,775.8,False,ativo,GO,F,18-24
CLI-001780,franquia,perfumes,2023-04-06,2023-07-12,4,491.5,5244.35,True,ativo,SP,F,35-44
CLI-001781,franquia,skincare,2024-09-03,2024-12-31,1,247.91,447.92,False,ativo,RS,F,25-34
CLI-001782,loja_propria,maquiagem,2024-07-09,2024-08-09,4,84.61,807.8,True,ativo,RJ,M,25-34
CLI-001783,marketplace,skincare,2023-02-11,2023-04-28,2,316.71,1145.82,False,ativo,GO,F,45-54
CLI-001784,franquia,skincare,2024-07-16,2024-12-14,4,339.06,3449.63,True,ativo,RJ,M,25-34
CLI-001785,ecommerce,maquiagem,2024-08-25,2024-10-24,6,62.12,729.22,True,ativo,RJ,F,35-44
CLI-001786,franquia,maquiagem,2023-03-17,2024-01-07,1,171.06,449.65,False,em_risco,SP,F,45-54
CLI-001787,ecommerce,maquiagem,2024-05-08,2024-07-02,1,147.01,224.64,False,em_risco,SP,F,35-44
CLI-001788,marketplace,skincare,2024-01-08,2024-01-28,3,188.17,1499.94,True,em_risco,RS,F,55+
CLI-001789,franquia,skincare,2024-02-29,2024-05-27,2,250.84,810.86,False,ativo,MG,M,35-44
CLI-001790,franquia,perfumes,2024-07-11,2024-11-19,1,264.9,629.16,False,inativo,SC,M,35-44
CLI-001791,ecommerce,haircare,2023-08-02,2023-09-09,3,249.4,1412.47,True,em_risco,SP,M,25-34
CLI-001792,ecommerce,maquiagem,2023-02-22,2024-02-05,1,153.03,427.64,False,inativo,SP,F,35-44
CLI-001793,ecommerce,skincare,2023-09-24,2024-03-14,3,98.03,598.08,True,ativo,DF,F,18-24
CLI-001794,ecommerce,maquiagem,2024-09-06,2024-10-31,6,202.09,3559.1,True,ativo,MG,F,45-54
CLI-001795,franquia,skincare,2024-01-01,2024-03-17,3,294.35,2172.28,True,inativo,SP,F,35-44
CLI-001796,marketplace,skincare,2023-11-04,2024-02-19,4,153.21,1238.08,True,ativo,SP,M,45-54
CLI-001797,ecommerce,skincare,2023-02-06,2023-07-26,3,230.69,2053.63,True,inativo,BA,NI,25-34
CLI-001798,marketplace,maquiagem,2023-09-29,2024-03-08,4,90.43,611.15,True,ativo,SP,F,25-34
CLI-001799,franquia,skincare,2023-09-13,2024-01-30,4,149.61,1446.73,True,ativo,SP,F,55+
CLI-001800,marketplace,skincare,2024-05-15,2024-12-31,1,241.26,561.78,False,ativo,RS,NI,35-44
CLI-001801,franquia,perfumes,2023-02-21,2023-05-13,2,288.18,1604.86,False,inativo,SP,M,25-34
CLI-001802,ecommerce,haircare,2024-08-30,2024-12-31,12,72.94,2489.11,True,ativo,SP,F,25-34
CLI-001803,ecommerce,haircare,2024-09-10,2024-12-31,2,231.0,970.61,False,ativo,MG,F,35-44
CLI-001804,loja_propria,skincare,2024-05-01,2024-09-13,12,193.04,4166.91,True,ativo,PR,F,35-44
CLI-001805,ecommerce,skincare,2024-07-08,2024-12-31,1,241.04,432.16,False,ativo,RJ,F,35-44
CLI-001806,marketplace,maquiagem,2023-07-13,2024-01-06,2,164.86,886.65,False,ativo,PR,F,35-44
CLI-001807,loja_propria,maquiagem,2023-09-09,2024-04-16,2,84.65,389.48,False,ativo,MG,F,18-24
CLI-001808,marketplace,skincare,2024-06-26,2024-08-04,1,124.62,347.18,False,ativo,MG,NI,35-44
CLI-001809,franquia,skincare,2024-02-21,2024-08-01,2,120.86,548.92,False,inativo,SP,M,35-44
CLI-001810,marketplace,skincare,2023-03-01,2023-08-04,2,319.43,1357.86,False,ativo,GO,F,35-44
CLI-001811,ecommerce,maquiagem,2023-03-29,2023-04-05,3,64.84,367.98,True,ativo,SP,M,35-44
CLI-001812,ecommerce,skincare,2024-08-11,2024-12-31,2,177.91,879.14,False,inativo,SP,F,55+
CLI-001813,loja_propria,skincare,2024-06-21,2024-10-04,12,270.23,6416.03,True,ativo,PE,F,18-24
CLI-001814,loja_propria,skincare,2023-05-02,2023-11-22,1,214.07,465.06,False,inativo,BA,F,35-44
CLI-001815,marketplace,perfumes,2024-09-19,2024-12-31,2,357.52,1431.82,False,em_risco,RS,M,55+
CLI-001816,marketplace,maquiagem,2023-04-01,2024-01-16,3,184.45,1247.6,True,ativo,SP,F,18-24
CLI-001817,ecommerce,skincare,2023-10-29,2024-10-06,3,284.57,2491.16,True,inativo,MG,F,35-44
CLI-001818,ecommerce,perfumes,2024-07-15,2024-12-31,3,543.18,4066.84,True,ativo,RJ,M,35-44
CLI-001819,marketplace,maquiagem,2023-02-23,2023-07-11,2,89.01,434.34,False,ativo,SP,F,35-44
CLI-001820,ecommerce,perfumes,2024-02-13,2024-06-19,1,547.52,1375.76,False,ativo,SP,F,25-34
CLI-001821,marketplace,maquiagem,2024-08-12,2024-12-31,2,60.78,190.14,False,ativo,RS,F,55+
CLI-001822,franquia,maquiagem,2023-11-12,2024-10-09,6,103.37,1649.24,True,ativo,SP,F,18-24
CLI-001823,franquia,maquiagem,2024-09-26,2024-12-31,3,155.76,946.32,True,inativo,BA,F,25-34
CLI-001824,franquia,perfumes,2024-09-16,2024-12-31,4,336.38,3587.21,True,ativo,SP,F,35-44
CLI-001825,franquia,haircare,2023-10-10,2024-08-06,1,167.76,267.88,False,ativo,SP,F,35-44
CLI-001826,marketplace,haircare,2024-02-10,2024-04-21,1,254.44,617.1,False,ativo,RJ,F,25-34
CLI-001827,marketplace,maquiagem,2023-10-23,2024-02-13,2,161.96,650.39,False,ativo,RS,NI,25-34
CLI-001828,franquia,skincare,2023-04-14,2023-10-27,1,223.05,340.88,False,inativo,RS,M,45-54
CLI-001829,marketplace,haircare,2023-06-16,2023-11-21,2,112.82,496.71,False,em_risco,SP,F,45-54
CLI-001830,ecommerce,perfumes,2023-04-12,2023-05-07,2,233.4,817.15,False,inativo,SP,F,45-54
CLI-001831,marketplace,skincare,2023-06-01,2024-02-15,3,248.47,1139.07,True,em_risco,SP,F,35-44
CLI-001832,ecommerce,skincare,2023-10-18,2024-02-01,3,350.4,1798.99,True,ativo,SP,F,25-34
CLI-001833,franquia,maquiagem,2024-05-25,2024-12-31,3,174.56,1074.16,True,em_risco,DF,M,25-34
CLI-001834,ecommerce,maquiagem,2023-01-07,2023-01-16,4,88.02,994.71,True,inativo,PE,F,35-44
CLI-001835,ecommerce,skincare,2024-07-23,2024-09-03,1,190.99,542.63,False,inativo,SP,F,18-24
CLI-001836,marketplace,perfumes,2023-08-07,2024-01-13,12,542.73,16645.9,True,ativo,SP,M,35-44
CLI-001837,ecommerce,skincare,2024-02-21,2024-05-25,3,184.32,1484.53,True,em_risco,RJ,M,35-44
CLI-001838,marketplace,perfumes,2024-05-04,2024-06-05,3,291.51,2426.5,True,ativo,RS,NI,35-44
CLI-001839,marketplace,perfumes,2024-04-05,2024-08-20,3,542.99,2699.61,True,inativo,DF,F,35-44
CLI-001840,loja_propria,perfumes,2023-02-18,2023-11-24,2,146.37,859.68,False,inativo,PE,M,55+
CLI-001841,marketplace,maquiagem,2024-08-03,2024-10-21,2,142.27,719.41,False,ativo,RJ,F,25-34
CLI-001842,marketplace,maquiagem,2024-09-26,2024-12-31,1,148.48,334.71,False,inativo,MG,F,25-34
CLI-001843,franquia,haircare,2024-05-07,2024-10-09,4,169.78,1523.81,True,ativo,RS,F,45-54
CLI-001844,franquia,skincare,2023-11-20,2024-03-06,1,146.31,435.75,False,ativo,MG,F,35-44
CLI-001845,marketplace,haircare,2023-01-01,2023-05-06,2,233.45,973.32,False,em_risco,PE,F,35-44
CLI-001846,marketplace,maquiagem,2023-02-18,2023-09-05,2,201.82,843.09,False,ativo,RS,F,25-34
CLI-001847,loja_propria,maquiagem,2023-07-07,2024-03-25,1,163.79,334.77,False,ativo,SP,F,35-44
CLI-001848,loja_propria,haircare,2023-02-19,2023-07-17,1,262.84,721.78,False,ativo,SP,NI,55+
CLI-001849,loja_propria,skincare,2023-06-17,2024-03-19,2,287.26,1679.15,False,em_risco,PR,F,45-54
CLI-001850,marketplace,maquiagem,2023-09-19,2024-02-16,3,122.66,993.76,True,ativo,MG,F,35-44
CLI-001851,loja_propria,skincare,2024-04-07,2024-07-09,2,250.18,1455.15,False,ativo,PE,F,25-34
CLI-001852,ecommerce,skincare,2024-01-14,2024-03-06,3,181.17,1156.69,True,em_risco,RJ,F,35-44
CLI-001853,marketplace,skincare,2023-12-25,2024-01-08,1,198.8,425.95,False,ativo,GO,F,25-34
CLI-001854,ecommerce,maquiagem,2024-06-13,2024-12-31,2,146.52,558.19,False,em_risco,MG,F,35-44
CLI-001855,ecommerce,maquiagem,2023-07-04,2023-08-23,2,92.64,332.89,False,ativo,SP,F,35-44
CLI-001856,ecommerce,maquiagem,2023-11-02,2024-06-23,2,93.59,300.03,False,ativo,RJ,F,18-24
CLI-001857,marketplace,skincare,2024-04-22,2024-07-08,2,294.33,1133.83,False,ativo,RS,M,45-54
CLI-001858,marketplace,perfumes,2024-02-09,2024-12-31,3,440.24,3280.43,True,ativo,MG,F,25-34
CLI-001859,ecommerce,skincare,2024-03-15,2024-09-17,1,148.68,429.82,False,ativo,RS,F,55+
CLI-001860,loja_propria,maquiagem,2024-10-10,2024-12-19,2,102.24,317.77,False,ativo,SP,M,45-54
CLI-001861,franquia,maquiagem,2024-09-15,2024-12-31,4,173.49,1518.0,True,ativo,SP,F,35-44
CLI-001862,franquia,skincare,2023-12-31,2024-03-31,4,121.68,1075.04,True,ativo,PR,F,18-24
CLI-001863,loja_propria,maquiagem,2023-12-29,2024-03-11,2,190.32,676.09,False,inativo,PE,M,18-24
CLI-001864,ecommerce,maquiagem,2023-10-27,2024-09-09,6,141.2,2131.39,True,em_risco,PR,F,45-54
CLI-001865,marketplace,skincare,2024-02-09,2024-05-14,4,96.55,1085.66,True,ativo,GO,F,18-24
CLI-001866,loja_propria,maquiagem,2023-09-16,2023-10-24,1,85.54,224.16,False,ativo,SP,F,45-54
CLI-001867,marketplace,haircare,2023-10-13,2023-12-04,2,211.43,656.73,False,ativo,MG,F,35-44
CLI-001868,franquia,skincare,2023-11-24,2024-03-11,2,359.73,1755.81,False,ativo,SP,F,25-34
CLI-001869,marketplace,maquiagem,2023-04-19,2023-06-03,6,77.43,1170.32,True,ativo,RJ,F,25-34
CLI-001870,marketplace,perfumes,2024-04-10,2024-08-26,2,214.97,835.2,False,inativo,SP,M,25-34
CLI-001871,marketplace,haircare,2023-07-09,2023-11-17,1,89.64,181.34,False,ativo,SC,F,35-44
CLI-001872,marketplace,perfumes,2023-06-28,2024-04-23,3,385.47,2752.95,True,inativo,GO,F,18-24
CLI-001873,ecommerce,haircare,2023-08-27,2023-10-16,6,258.67,3162.21,True,ativo,MG,NI,35-44
CLI-001874,ecommerce,haircare,2024-06-02,2024-10-13,3,92.19,507.12,True,inativo,SP,F,18-24
CLI-001875,franquia,maquiagem,2024-01-30,2024-11-28,2,86.23,322.38,False,em_risco,MG,M,35-44
CLI-001876,loja_propria,perfumes,2024-09-08,2024-11-12,3,193.32,1149.78,True,ativo,SP,NI,35-44
CLI-001877,ecommerce,perfumes,2024-05-07,2024-12-31,2,294.46,1762.59,False,ativo,DF,F,35-44
CLI-001878,ecommerce,perfumes,2023-05-08,2024-01-01,3,304.07,2393.52,True,ativo,SP,F,45-54
CLI-001879,loja_propria,maquiagem,2024-09-02,2024-09-05,3,195.15,1360.86,True,ativo,PR,F,55+
CLI-001880,ecommerce,haircare,2023-02-03,2023-10-20,1,223.8,362.42,False,ativo,RJ,F,25-34
CLI-001881,loja_propria,maquiagem,2024-03-02,2024-07-13,2,74.24,378.13,False,ativo,BA,F,45-54
CLI-001882,marketplace,perfumes,2024-05-09,2024-12-31,3,131.02,684.06,True,ativo,RS,F,45-54
CLI-001883,ecommerce,skincare,2023-10-19,2024-03-29,1,213.63,552.65,False,ativo,RJ,F,25-34
CLI-001884,ecommerce,perfumes,2024-07-07,2024-08-30,3,208.74,1294.15,True,inativo,MG,M,18-24
CLI-001885,franquia,maquiagem,2023-02-22,2023-05-05,1,94.87,242.08,False,ativo,RJ,F,18-24
CLI-001886,ecommerce,skincare,2023-07-28,2023-10-22,2,124.27,485.77,False,ativo,SC,F,25-34
CLI-001887,loja_propria,maquiagem,2023-06-16,2023-08-06,6,153.0,1766.94,True,ativo,PR,F,25-34
CLI-001888,marketplace,haircare,2024-06-11,2024-12-08,2,119.06,702.47,False,em_risco,SP,F,25-34
CLI-001889,marketplace,maquiagem,2023-10-15,2024-04-16,2,89.91,418.72,False,em_risco,SP,M,18-24
CLI-001890,ecommerce,maquiagem,2023-08-13,2024-09-14,4,107.84,740.43,True,inativo,MG,F,25-34
CLI-001891,ecommerce,skincare,2023-09-15,2024-02-08,3,181.97,1091.68,True,em_risco,MG,M,35-44
CLI-001892,marketplace,skincare,2023-05-26,2023-09-12,2,206.81,821.51,False,em_risco,MG,F,35-44
CLI-001893,marketplace,haircare,2024-01-30,2024-02-12,2,214.22,820.41,False,ativo,RJ,F,25-34
CLI-001894,ecommerce,maquiagem,2023-08-12,2023-11-26,6,95.82,1230.25,True,ativo,PR,M,45-54
CLI-001895,ecommerce,skincare,2023-12-07,2024-11-01,6,166.34,2323.64,True,inativo,BA,M,25-34
CLI-001896,marketplace,skincare,2024-04-30,2024-12-31,2,321.88,1103.33,False,ativo,GO,F,45-54
CLI-001897,marketplace,haircare,2023-11-30,2024-04-09,1,193.19,310.97,False,ativo,SP,M,35-44
CLI-001898,ecommerce,skincare,2023-06-02,2023-07-16,2,384.28,1649.31,False,inativo,RJ,F,18-24
CLI-001899,ecommerce,maquiagem,2023-09-24,2024-02-07,1,127.61,276.02,False,em_risco,SP,NI,35-44
CLI-001900,ecommerce,skincare,2024-01-17,2024-06-16,6,390.8,5930.25,True,ativo,RS,F,18-24
CLI-001901,franquia,haircare,2024-03-17,2024-11-29,2,111.29,460.95,False,ativo,SP,M,35-44
CLI-001902,ecommerce,skincare,2023-08-17,2024-04-01,1,112.95,307.1,False,inativo,SP,M,18-24
CLI-001903,ecommerce,skincare,2023-10-12,2024-09-03,6,118.22,1977.8,True,ativo,SP,F,35-44
CLI-001904,ecommerce,skincare,2023-02-11,2023-05-05,2,233.46,1092.95,False,ativo,SP,F,25-34
CLI-001905,loja_propria,perfumes,2023-05-19,2024-06-11,12,450.98,9524.16,True,em_risco,SP,F,55+
CLI-001906,franquia,haircare,2023-04-30,2023-09-25,2,64.14,242.27,False,ativo,SP,F,25-34
CLI-001907,marketplace,maquiagem,2024-07-18,2024-12-31,2,100.35,571.87,False,ativo,MG,F,18-24
CLI-001908,ecommerce,perfumes,2024-02-28,2024-07-05,3,506.32,2692.29,True,em_risco,MG,F,35-44
CLI-001909,marketplace,maquiagem,2024-09-05,2024-12-31,3,182.21,1007.08,True,em_risco,MG,F,25-34
CLI-001910,ecommerce,haircare,2024-06-02,2024-06-14,3,81.55,663.94,True,ativo,RJ,M,25-34
CLI-001911,franquia,skincare,2024-08-19,2024-12-31,2,374.63,1639.37,False,em_risco,RS,F,25-34
CLI-001912,marketplace,maquiagem,2023-01-27,2023-12-07,4,142.07,1474.24,True,ativo,SP,F,18-24
CLI-001913,marketplace,skincare,2023-02-08,2024-01-21,3,367.64,2802.63,True,ativo,BA,M,25-34
CLI-001914,ecommerce,skincare,2023-04-22,2023-09-21,6,267.2,4136.78,True,ativo,SP,F,45-54
CLI-001915,franquia,maquiagem,2024-05-24,2024-06-29,4,178.55,1987.41,True,em_risco,SP,M,25-34
CLI-001916,ecommerce,maquiagem,2023-01-01,2023-07-30,1,112.8,281.63,False,em_risco,MG,F,45-54
CLI-001917,ecommerce,maquiagem,2024-01-07,2024-10-25,2,97.81,383.89,False,ativo,SP,F,55+
CLI-001918,ecommerce,perfumes,2023-12-31,2024-04-21,4,497.16,3427.12,True,inativo,SP,F,18-24
CLI-001919,marketplace,maquiagem,2023-12-02,2024-07-18,1,139.28,235.64,False,em_risco,PE,F,55+
CLI-001920,ecommerce,skincare,2024-01-12,2024-12-31,2,212.71,1245.1,False,ativo,PR,M,35-44
CLI-001921,ecommerce,haircare,2024-02-08,2024-03-12,4,200.81,1438.26,True,ativo,SP,M,55+
CLI-001922,ecommerce,haircare,2023-09-27,2024-07-13,2,133.0,495.03,False,ativo,SP,F,25-34
CLI-001923,ecommerce,maquiagem,2023-05-17,2024-05-09,3,114.04,643.03,True,ativo,MG,F,35-44
CLI-001924,loja_propria,maquiagem,2024-06-27,2024-12-31,4,199.27,1710.07,True,ativo,SP,M,25-34
CLI-001925,ecommerce,skincare,2024-05-17,2024-12-31,2,351.09,1888.54,False,ativo,GO,F,45-54
CLI-001926,ecommerce,skincare,2024-03-31,2024-08-22,1,203.72,375.04,False,ativo,SP,F,45-54
CLI-001927,franquia,haircare,2024-09-11,2024-12-31,3,143.89,736.93,True,inativo,PR,M,35-44
CLI-001928,marketplace,perfumes,2023-04-11,2023-10-04,2,193.91,1143.55,False,inativo,RS,F,35-44
CLI-001929,loja_propria,maquiagem,2024-03-22,2024-10-05,1,90.93,168.88,False,inativo,SP,F,45-54
CLI-001930,marketplace,perfumes,2023-10-24,2024-03-04,2,521.26,2537.04,False,inativo,SP,F,35-44
CLI-001931,marketplace,haircare,2023-12-06,2024-08-10,12,174.82,4675.96,True,ativo,RJ,F,45-54
CLI-001932,marketplace,skincare,2023-07-13,2023-07-15,1,345.13,743.76,False,inativo,PR,F,35-44
CLI-001933,marketplace,skincare,2024-05-03,2024-07-10,1,204.46,604.57,False,ativo,MG,F,18-24
CLI-001934,franquia,haircare,2024-01-10,2024-11-29,2,98.06,452.68,False,ativo,SP,F,25-34
CLI-001935,ecommerce,haircare,2024-03-12,2024-08-01,1,206.69,365.83,False,ativo,RJ,F,25-34
CLI-001936,loja_propria,maquiagem,2023-01-17,2023-08-26,4,184.11,1811.58,True,em_risco,SP,F,18-24
CLI-001937,franquia,perfumes,2023-12-20,2024-09-20,3,522.12,2842.41,True,ativo,DF,F,55+
CLI-001938,ecommerce,maquiagem,2024-04-04,2024-12-31,2,151.07,782.98,False,em_risco,SP,F,18-24
CLI-001939,marketplace,maquiagem,2023-04-28,2023-08-23,2,175.0,590.25,False,ativo,PR,NI,45-54
CLI-001940,ecommerce,maquiagem,2023-09-27,2024-07-29,3,140.74,1196.03,True,inativo,RS,F,55+
CLI-001941,franquia,haircare,2024-02-13,2024-04-13,1,241.1,514.47,False,ativo,BA,F,25-34
CLI-001942,ecommerce,haircare,2023-03-14,2023-07-05,2,151.24,783.86,False,em_risco,SP,M,18-24
CLI-001943,franquia,skincare,2023-05-18,2024-03-02,4,353.65,4110.51,True,em_risco,SP,M,35-44
CLI-001944,ecommerce,perfumes,2024-02-11,2024-11-18,2,229.97,807.82,False,inativo,SP,F,25-34
CLI-001945,ecommerce,perfumes,2023-07-18,2024-05-20,2,419.99,2264.18,False,em_risco,SP,M,35-44
CLI-001946,marketplace,maquiagem,2024-08-21,2024-12-31,3,62.11,349.92,True,ativo,PE,F,35-44
CLI-001947,marketplace,maquiagem,2023-06-03,2023-09-09,1,142.28,273.27,False,inativo,SP,F,45-54
CLI-001948,ecommerce,perfumes,2023-05-06,2024-02-19,6,522.66,6913.07,True,ativo,RS,M,25-34
CLI-001949,franquia,maquiagem,2023-12-29,2024-09-19,2,162.89,716.76,False,inativo,MG,F,25-34
CLI-001950,loja_propria,perfumes,2023-04-26,2024-02-18,1,230.92,458.84,False,inativo,SP,F,25-34
CLI-001951,loja_propria,skincare,2023-04-30,2023-07-29,4,265.95,2092.52,True,ativo,RJ,F,18-24
CLI-001952,marketplace,skincare,2023-05-09,2023-05-20,1,113.28,189.61,False,ativo,SP,M,25-34
CLI-001953,marketplace,haircare,2023-09-20,2024-07-14,2,79.68,385.07,False,ativo,RJ,F,25-34
CLI-001954,franquia,skincare,2024-02-19,2024-03-10,2,131.66,424.95,False,ativo,BA,F,55+
CLI-001955,ecommerce,haircare,2023-05-18,2023-09-06,12,64.86,1986.16,True,inativo,SP,F,45-54
CLI-001956,ecommerce,skincare,2024-07-02,2024-08-02,4,313.31,2468.74,True,ativo,MG,F,25-34
CLI-001957,franquia,haircare,2023-12-09,2024-04-05,6,81.52,1362.63,True,ativo,DF,F,45-54
CLI-001958,marketplace,haircare,2024-05-31,2024-07-29,2,86.64,323.62,False,em_risco,DF,F,35-44
CLI-001959,franquia,maquiagem,2024-03-18,2024-10-26,2,148.4,683.75,False,ativo,BA,F,55+
CLI-001960,marketplace,maquiagem,2023-06-16,2023-08-17,1,101.11,199.25,False,em_risco,DF,F,45-54
CLI-001961,ecommerce,skincare,2023-08-19,2024-09-07,1,312.12,705.25,False,ativo,SP,F,35-44
CLI-001962,ecommerce,skincare,2023-02-09,2023-03-18,1,91.74,172.82,False,inativo,MG,F,35-44
CLI-001963,ecommerce,maquiagem,2024-04-27,2024-12-31,6,111.22,1507.27,True,em_risco,SP,F,25-34
CLI-001964,ecommerce,maquiagem,2023-02-05,2023-12-05,4,136.02,1031.79,True,ativo,SP,F,45-54
CLI-001965,ecommerce,skincare,2024-05-20,2024-11-07,2,210.85,765.44,False,ativo,SP,F,25-34
CLI-001966,marketplace,skincare,2024-10-02,2024-12-13,1,302.4,525.38,False,ativo,RJ,F,35-44
CLI-001967,franquia,perfumes,2023-09-21,2023-12-25,3,458.88,2147.69,True,inativo,RJ,F,35-44
CLI-001968,ecommerce,maquiagem,2023-06-25,2023-12-13,2,144.01,661.63,False,ativo,PE,F,25-34
CLI-001969,ecommerce,perfumes,2024-09-11,2024-12-31,1,505.28,1481.36,False,inativo,GO,M,18-24
CLI-001970,franquia,perfumes,2024-05-07,2024-12-31,1,533.7,1111.53,False,inativo,SP,M,35-44
CLI-001971,marketplace,skincare,2023-08-22,2024-05-25,4,175.04,1930.6,True,ativo,PE,F,35-44
CLI-001972,loja_propria,maquiagem,2023-05-20,2024-03-31,4,129.83,1242.97,True,inativo,RS,F,18-24
CLI-001973,ecommerce,skincare,2023-12-02,2024-04-10,1,294.2,715.43,False,em_risco,SP,F,35-44
CLI-001974,marketplace,maquiagem,2024-05-14,2024-12-31,6,122.3,2098.32,True,inativo,PR,F,35-44
CLI-001975,loja_propria,maquiagem,2024-07-27,2024-12-31,4,127.99,1196.49,True,inativo,MG,F,25-34
CLI-001976,ecommerce,skincare,2023-05-10,2024-03-13,6,278.58,3819.53,True,ativo,RJ,M,25-34
CLI-001977,marketplace,haircare,2023-09-05,2024-08-08,4,215.05,1955.5,True,ativo,DF,M,45-54
CLI-001978,marketplace,skincare,2023-07-10,2023-07-28,2,273.33,1299.12,False,ativo,RJ,F,25-34
CLI-001979,marketplace,skincare,2023-07-12,2023-07-27,6,374.58,6439.32,True,ativo,RJ,F,45-54
CLI-001980,ecommerce,perfumes,2023-04-05,2024-04-29,1,492.58,1163.78,False,ativo,SC,NI,35-44
CLI-001981,ecommerce,perfumes,2024-07-27,2024-09-20,1,385.86,610.8,False,em_risco,MG,F,18-24
CLI-001982,franquia,skincare,2024-10-10,2024-12-31,6,341.16,4852.79,True,em_risco,SP,F,25-34
CLI-001983,ecommerce,skincare,2024-06-26,2024-07-31,12,253.98,8272.77,True,em_risco,SP,F,25-34
CLI-001984,franquia,skincare,2023-05-12,2024-04-06,3,324.85,2687.79,True,em_risco,RJ,F,25-34
CLI-001985,ecommerce,maquiagem,2024-06-17,2024-12-31,2,192.72,1113.34,False,inativo,SP,F,55+
CLI-001986,ecommerce,perfumes,2023-10-27,2024-10-29,3,136.28,785.45,True,inativo,SP,F,25-34
CLI-001987,ecommerce,maquiagem,2024-09-01,2024-12-31,4,49.45,352.86,True,ativo,RS,M,25-34
CLI-001988,loja_propria,perfumes,2024-10-02,2024-11-26,1,171.86,511.59,False,em_risco,RS,NI,45-54
CLI-001989,franquia,haircare,2023-09-04,2024-03-17,2,98.53,493.2,False,inativo,SP,F,25-34
CLI-001990,ecommerce,skincare,2023-11-23,2024-04-10,1,212.47,409.48,False,ativo,SP,F,35-44
CLI-001991,franquia,maquiagem,2023-07-30,2023-10-06,1,115.34,238.2,False,ativo,RS,F,35-44
CLI-001992,loja_propria,haircare,2023-04-26,2023-09-22,1,161.98,306.67,False,em_risco,SP,F,25-34
CLI-001993,loja_propria,haircare,2024-06-04,2024-12-31,2,73.83,314.91,False,inativo,RS,NI,25-34
CLI-001994,franquia,perfumes,2023-04-10,2024-01-20,2,166.98,640.39,False,em_risco,MG,F,45-54
CLI-001995,loja_propria,maquiagem,2024-09-06,2024-12-31,2,146.38,728.25,False,inativo,SP,F,18-24
CLI-001996,franquia,skincare,2023-02-02,2023-04-09,1,324.68,960.22,False,em_risco,SP,F,18-24
CLI-001997,ecommerce,maquiagem,2023-04-05,2023-08-18,4,109.34,844.32,True,ativo,RJ,F,18-24
CLI-001998,ecommerce,haircare,2023-02-25,2023-05-20,2,75.2,249.97,False,inativo,BA,M,35-44
CLI-001999,ecommerce,skincare,2024-07-23,2024-12-31,2,279.18,1497.56,False,em_risco,SP,F,18-24
CLI-002000,ecommerce,skincare,2024-08-23,2024-12-31,2,310.01,1098.22,False,inativo,SP,F,25-34
CLI-002001,ecommerce,maquiagem,2023-04-30,2023-09-01,1,176.22,521.5,False,inativo,PE,F,55+
CLI-002002,franquia,perfumes,2023-02-10,2024-02-27,2,406.31,2436.12,False,inativo,SP,M,25-34
CLI-002003,marketplace,skincare,2024-03-02,2024-04-07,3,216.66,1636.2,True,ativo,RJ,F,35-44
CLI-002004,franquia,haircare,2024-04-10,2024-08-03,6,69.58,700.87,True,ativo,RS,F,45-54
CLI-002005,marketplace,skincare,2023-10-10,2024-10-18,2,276.81,984.76,False,inativo,PR,F,35-44
CLI-002006,loja_propria,skincare,2023-02-03,2023-02-28,4,226.28,2280.44,True,ativo,DF,M,35-44
CLI-002007,ecommerce,skincare,2023-05-13,2023-05-25,1,367.35,1056.03,False,inativo,GO,F,18-24
CLI-002008,franquia,skincare,2024-07-13,2024-11-27,2,166.31,548.13,False,em_risco,RS,F,25-34
CLI-002009,marketplace,maquiagem,2024-02-18,2024-06-13,2,172.71,945.93,False,inativo,MG,F,35-44
CLI-002010,loja_propria,perfumes,2023-01-29,2023-03-06,4,370.89,2479.83,True,ativo,MG,F,45-54
CLI-002011,loja_propria,perfumes,2023-06-15,2023-12-19,1,176.07,459.41,False,inativo,MG,F,18-24
CLI-002012,franquia,maquiagem,2023-08-21,2024-08-30,1,124.46,362.07,False,ativo,SP,F,35-44
CLI-002013,franquia,maquiagem,2023-07-23,2024-05-12,3,130.28,889.36,True,ativo,PR,F,25-34
CLI-002014,marketplace,perfumes,2023-06-23,2023-11-17,12,412.95,11705.46,True,inativo,GO,F,45-54
CLI-002015,ecommerce,haircare,2023-03-30,2023-07-14,1,120.25,204.43,False,ativo,GO,F,18-24
CLI-002016,loja_propria,maquiagem,2024-04-11,2024-12-31,6,183.23,1807.03,True,inativo,SP,M,45-54
CLI-002017,marketplace,perfumes,2024-01-09,2024-04-02,3,498.59,2250.09,True,inativo,SP,F,35-44
CLI-002018,franquia,maquiagem,2023-10-12,2024-09-19,3,94.24,561.22,True,em_risco,RJ,F,35-44
CLI-002019,franquia,skincare,2024-02-25,2024-06-23,2,106.33,489.54,False,em_risco,SC,F,55+
CLI-002020,marketplace,perfumes,2024-06-19,2024-08-18,1,161.33,288.71,False,ativo,SP,F,25-34
CLI-002021,marketplace,haircare,2024-08-05,2024-12-31,2,185.14,903.91,False,inativo,RJ,F,35-44
CLI-002022,franquia,perfumes,2024-05-21,2024-07-30,3,308.36,2033.77,True,ativo,SP,M,45-54
CLI-002023,marketplace,maquiagem,2023-12-20,2024-12-13,12,195.23,3965.26,True,inativo,SP,F,35-44
CLI-002024,ecommerce,maquiagem,2024-05-07,2024-11-21,2,128.21,460.31,False,ativo,SP,F,55+
CLI-002025,marketplace,haircare,2024-07-10,2024-12-31,2,73.71,406.72,False,inativo,MG,F,25-34
CLI-002026,ecommerce,maquiagem,2024-07-25,2024-09-02,4,202.38,1783.45,True,ativo,MG,M,45-54
CLI-002027,franquia,skincare,2023-01-27,2023-06-11,2,183.14,602.8,False,ativo,SP,F,35-44
CLI-002028,ecommerce,skincare,2024-06-10,2024-12-31,2,154.49,516.39,False,em_risco,SP,NI,18-24
CLI-002029,franquia,maquiagem,2023-09-05,2024-02-28,1,99.79,232.82,False,ativo,GO,F,18-24
CLI-002030,ecommerce,haircare,2023-12-18,2024-11-30,6,184.13,2883.57,True,em_risco,GO,M,35-44
CLI-002031,ecommerce,maquiagem,2023-09-19,2024-04-19,2,100.35,506.1,False,ativo,SP,F,25-34
CLI-002032,loja_propria,maquiagem,2023-09-24,2024-01-06,4,61.08,420.03,True,inativo,RS,F,45-54
CLI-002033,marketplace,skincare,2023-12-20,2024-02-14,2,176.21,581.72,False,ativo,SC,F,25-34
CLI-002034,marketplace,maquiagem,2023-11-03,2024-11-21,2,130.12,587.68,False,inativo,SP,F,45-54
CLI-002035,ecommerce,perfumes,2023-09-07,2023-12-07,2,157.97,561.54,False,inativo,PR,F,25-34
CLI-002036,ecommerce,perfumes,2024-04-07,2024-06-18,2,499.99,2920.14,False,ativo,RJ,F,35-44
CLI-002037,franquia,perfumes,2024-04-12,2024-08-27,12,320.5,7473.48,True,ativo,SP,F,25-34
CLI-002038,ecommerce,maquiagem,2023-10-08,2023-11-07,2,128.43,474.33,False,ativo,SP,F,18-24
CLI-002039,ecommerce,skincare,2023-11-10,2024-03-25,2,167.37,575.45,False,ativo,SP,F,25-34
CLI-002040,franquia,maquiagem,2023-06-04,2023-07-03,3,191.6,1337.45,True,inativo,GO,F,35-44
CLI-002041,ecommerce,perfumes,2023-03-14,2023-09-02,2,320.54,1157.24,False,ativo,DF,F,18-24
CLI-002042,ecommerce,maquiagem,2024-09-30,2024-12-31,1,208.41,391.5,False,ativo,SP,M,18-24
CLI-002043,marketplace,skincare,2023-02-06,2023-10-25,3,241.87,1726.1,True,inativo,PR,F,45-54
CLI-002044,loja_propria,skincare,2024-10-02,2024-12-31,2,332.04,1394.0,False,ativo,MG,F,35-44
CLI-002045,loja_propria,skincare,2023-09-05,2023-10-19,2,158.75,548.88,False,ativo,RS,F,55+
CLI-002046,loja_propria,haircare,2023-03-02,2023-07-17,12,218.53,4108.29,True,inativo,SP,M,18-24
CLI-002047,marketplace,skincare,2023-01-10,2023-12-22,3,314.52,2009.89,True,inativo,RS,F,25-34
CLI-002048,loja_propria,perfumes,2023-12-24,2024-12-11,3,144.65,787.78,True,ativo,SC,F,25-34
CLI-002049,marketplace,skincare,2023-05-12,2023-06-27,1,278.47,827.77,False,ativo,RS,M,25-34
CLI-002050,ecommerce,maquiagem,2023-04-30,2023-07-14,6,163.73,1747.96,True,em_risco,PE,F,45-54
CLI-002051,ecommerce,perfumes,2024-06-24,2024-11-05,4,289.52,2935.58,True,ativo,SP,F,55+
CLI-002052,franquia,skincare,2024-01-11,2024-01-13,1,370.22,654.13,False,ativo,RJ,F,25-34
CLI-002053,ecommerce,skincare,2024-06-11,2024-12-31,2,163.84,717.48,False,em_risco,RJ,NI,35-44
CLI-002054,ecommerce,perfumes,2024-04-29,2024-12-24,1,248.79,458.35,False,inativo,SP,F,55+
CLI-002055,ecommerce,perfumes,2023-09-20,2024-06-15,4,491.07,5844.7,True,ativo,SP,F,35-44
CLI-002056,marketplace,skincare,2024-05-20,2024-12-31,1,326.67,545.41,False,ativo,RJ,F,25-34
CLI-002057,marketplace,maquiagem,2023-10-08,2024-04-30,6,197.99,1933.76,True,ativo,BA,M,45-54
CLI-002058,marketplace,perfumes,2023-06-27,2023-08-20,1,449.66,1219.51,False,em_risco,RJ,M,35-44
CLI-002059,franquia,haircare,2024-09-06,2024-12-31,2,181.86,646.86,False,inativo,GO,M,25-34
CLI-002060,ecommerce,perfumes,2023-06-09,2023-10-29,1,332.44,867.8,False,ativo,PE,F,45-54
CLI-002061,ecommerce,maquiagem,2023-03-16,2023-04-20,1,102.77,268.19,False,inativo,RS,F,18-24
CLI-002062,marketplace,maquiagem,2024-06-11,2024-12-31,2,88.57,394.9,False,inativo,PR,F,18-24
CLI-002063,marketplace,maquiagem,2023-10-17,2024-10-04,1,76.93,161.49,False,em_risco,SP,F,18-24
CLI-002064,ecommerce,perfumes,2024-03-14,2024-11-13,4,517.25,3422.27,True,ativo,SP,F,18-24
CLI-002065,franquia,skincare,2023-07-02,2023-11-03,2,155.96,727.27,False,ativo,BA,F,35-44
CLI-002066,marketplace,skincare,2023-03-12,2024-03-11,2,130.93,454.8,False,inativo,PR,F,35-44
CLI-002067,franquia,haircare,2023-09-10,2023-10-14,1,69.6,166.28,False,ativo,SP,F,35-44
CLI-002068,franquia,skincare,2024-01-18,2024-08-01,1,346.82,1023.79,False,ativo,RJ,M,25-34
CLI-002069,franquia,skincare,2024-05-28,2024-10-06,3,365.13,2546.8,True,em_risco,RS,F,45-54
CLI-002070,ecommerce,maquiagem,2024-06-20,2024-12-21,1,179.41,281.01,False,ativo,RJ,M,35-44
CLI-002071,loja_propria,skincare,2023-03-02,2023-11-15,12,292.44,5400.99,True,inativo,MG,F,35-44
CLI-002072,ecommerce,maquiagem,2023-11-09,2024-08-23,2,128.21,514.56,False,ativo,SP,F,55+
CLI-002073,ecommerce,skincare,2023-02-13,2023-10-09,6,268.92,4276.54,True,inativo,SP,F,25-34
CLI-002074,marketplace,skincare,2023-10-09,2024-08-04,2,290.38,1032.16,False,em_risco,BA,M,35-44
CLI-002075,marketplace,haircare,2024-03-20,2024-10-06,12,215.8,6770.74,True,ativo,SP,F,25-34
CLI-002076,ecommerce,skincare,2023-09-23,2024-08-16,2,179.75,1006.97,False,inativo,SP,F,35-44
CLI-002077,franquia,skincare,2023-06-22,2023-11-05,1,329.67,754.77,False,inativo,RS,M,35-44
CLI-002078,marketplace,haircare,2024-03-03,2024-08-29,1,99.85,276.16,False,ativo,SP,F,45-54
CLI-002079,franquia,skincare,2023-01-03,2023-02-18,4,394.65,3170.19,True,em_risco,SP,F,35-44
CLI-002080,ecommerce,perfumes,2023-05-05,2023-12-26,4,473.62,4472.02,True,ativo,RJ,NI,35-44
CLI-002081,ecommerce,skincare,2023-10-18,2023-11-08,3,161.13,811.7,True,ativo,SP,F,25-34
CLI-002082,marketplace,perfumes,2023-03-03,2023-05-16,2,287.89,1323.16,False,em_risco,BA,M,25-34
CLI-002083,ecommerce,skincare,2024-01-30,2024-12-16,4,159.61,1218.02,True,ativo,PE,F,45-54
CLI-002084,ecommerce,maquiagem,2023-04-09,2023-08-16,4,167.8,1968.18,True,ativo,RJ,M,35-44
CLI-002085,marketplace,perfumes,2024-08-13,2024-12-31,1,455.79,1277.89,False,ativo,MG,F,18-24
CLI-002086,ecommerce,haircare,2023-07-15,2023-12-10,1,143.49,368.95,False,inativo,SP,F,25-34
CLI-002087,ecommerce,perfumes,2023-03-24,2024-01-17,3,244.82,1700.96,True,inativo,SP,M,55+
CLI-002088,loja_propria,haircare,2023-11-10,2024-12-06,3,207.18,1830.56,True,ativo,PE,M,18-24
CLI-002089,marketplace,maquiagem,2024-08-06,2024-12-31,2,92.95,375.0,False,ativo,MG,F,35-44
CLI-002090,loja_propria,haircare,2023-01-10,2023-11-01,2,221.36,937.78,False,ativo,SP,F,25-34
CLI-002091,marketplace,haircare,2023-12-16,2024-08-26,1,169.55,342.9,False,inativo,MG,F,35-44
CLI-002092,ecommerce,perfumes,2024-08-12,2024-12-31,1,544.9,1436.47,False,ativo,PR,F,25-34
CLI-002093,loja_propria,maquiagem,2024-05-18,2024-12-17,1,143.79,257.3,False,ativo,DF,NI,35-44
CLI-002094,ecommerce,haircare,2023-01-19,2024-01-30,1,224.67,555.2,False,ativo,PR,F,35-44
CLI-002095,ecommerce,maquiagem,2024-05-15,2024-12-07,2,164.52,890.29,False,ativo,DF,F,45-54
CLI-002096,marketplace,skincare,2023-09-10,2024-01-17,2,302.09,1431.02,False,em_risco,SP,F,55+
CLI-002097,marketplace,perfumes,2024-09-10,2024-12-10,2,321.83,1106.31,False,ativo,RJ,F,35-44
CLI-002098,ecommerce,haircare,2024-03-27,2024-12-31,1,143.4,421.58,False,inativo,MG,F,45-54
CLI-002099,marketplace,haircare,2024-03-20,2024-08-09,4,200.3,1968.31,True,ativo,SP,F,35-44
CLI-002100,marketplace,haircare,2023-12-23,2024-02-19,3,208.89,1296.48,True,em_risco,RJ,F,45-54
CLI-002101,franquia,perfumes,2023-03-17,2024-03-31,2,165.77,828.65,False,em_risco,SP,F,25-34
CLI-002102,ecommerce,skincare,2024-10-06,2024-12-31,4,277.67,2919.74,True,ativo,PE,F,35-44
CLI-002103,loja_propria,maquiagem,2024-04-23,2024-11-12,1,114.06,242.4,False,ativo,GO,F,35-44
CLI-002104,ecommerce,maquiagem,2023-11-12,2023-12-05,4,74.64,838.89,True,ativo,SP,F,25-34
CLI-002105,ecommerce,skincare,2024-08-06,2024-08-12,6,271.5,4037.34,True,ativo,RS,F,55+
CLI-002106,franquia,perfumes,2024-08-11,2024-12-31,1,405.28,1073.73,False,ativo,PR,F,25-34
CLI-002107,marketplace,maquiagem,2023-05-09,2023-09-09,3,150.49,1172.05,True,inativo,SP,M,35-44
CLI-002108,franquia,maquiagem,2024-02-17,2024-06-12,1,106.93,173.99,False,ativo,SP,F,25-34
CLI-002109,ecommerce,maquiagem,2023-06-03,2023-11-04,1,95.9,151.23,False,ativo,SP,F,25-34
CLI-002110,marketplace,perfumes,2024-07-26,2024-12-31,1,364.63,572.11,False,em_risco,RS,F,18-24
CLI-002111,ecommerce,maquiagem,2023-07-10,2024-04-28,4,59.04,568.47,True,inativo,MG,F,25-34
CLI-002112,ecommerce,perfumes,2023-06-22,2024-07-08,4,392.06,3297.08,True,inativo,SP,F,25-34
CLI-002113,franquia,perfumes,2023-12-18,2024-02-25,4,129.79,1045.89,True,inativo,PE,F,35-44
CLI-002114,loja_propria,haircare,2024-07-30,2024-12-31,3,249.84,1172.61,True,em_risco,SC,F,25-34
CLI-002115,marketplace,maquiagem,2023-11-23,2024-08-13,2,105.27,352.47,False,ativo,BA,M,25-34
CLI-002116,loja_propria,maquiagem,2023-06-29,2024-07-08,3,139.47,1081.5,True,em_risco,RJ,F,25-34
CLI-002117,ecommerce,skincare,2024-07-26,2024-11-28,2,169.31,529.49,False,ativo,SP,F,25-34
CLI-002118,ecommerce,haircare,2024-09-27,2024-12-31,4,204.69,2333.58,True,inativo,RJ,F,25-34
CLI-002119,franquia,maquiagem,2023-09-09,2024-01-23,2,190.49,729.74,False,ativo,PE,F,35-44
CLI-002120,loja_propria,perfumes,2024-04-24,2024-05-19,4,315.56,1911.57,True,em_risco,SP,F,35-44
CLI-002121,ecommerce,maquiagem,2024-01-04,2024-10-28,3,152.01,1304.1,True,inativo,RJ,F,25-34
CLI-002122,ecommerce,skincare,2023-02-02,2023-03-30,12,241.7,6664.74,True,ativo,MG,F,35-44
CLI-002123,marketplace,perfumes,2024-08-08,2024-12-31,2,149.93,476.67,False,inativo,RS,NI,25-34
CLI-002124,ecommerce,skincare,2023-10-06,2024-01-16,4,135.76,1534.85,True,ativo,RJ,F,18-24
CLI-002125,franquia,haircare,2023-02-23,2023-12-27,6,254.53,3501.66,True,ativo,GO,F,25-34
CLI-002126,franquia,perfumes,2024-06-09,2024-11-23,4,154.92,1554.13,True,ativo,BA,F,25-34
CLI-002127,ecommerce,maquiagem,2024-09-26,2024-11-18,2,92.19,298.2,False,em_risco,MG,F,18-24
CLI-002128,ecommerce,perfumes,2023-08-18,2024-06-22,3,520.29,4314.46,True,ativo,PR,F,18-24
CLI-002129,loja_propria,haircare,2024-08-13,2024-12-31,6,80.05,1439.27,True,ativo,MG,NI,18-24
CLI-002130,ecommerce,perfumes,2024-06-29,2024-12-31,3,438.47,2993.58,True,ativo,SC,F,25-34
CLI-002131,ecommerce,skincare,2023-09-04,2024-05-08,4,124.63,1490.26,True,inativo,DF,M,18-24
CLI-002132,marketplace,maquiagem,2023-09-06,2024-04-16,1,198.78,431.37,False,ativo,GO,F,25-34
CLI-002133,franquia,skincare,2024-07-10,2024-12-31,4,271.46,2984.78,True,ativo,RJ,F,35-44
CLI-002134,franquia,haircare,2024-04-14,2024-12-31,1,132.19,371.07,False,ativo,SP,F,55+
CLI-002135,ecommerce,skincare,2024-06-10,2024-12-31,2,137.24,772.37,False,ativo,RJ,NI,25-34
CLI-002136,franquia,perfumes,2023-02-06,2024-02-26,1,142.68,337.91,False,inativo,SC,F,25-34
CLI-002137,marketplace,skincare,2024-04-12,2024-08-18,3,94.86,566.33,True,em_risco,SP,F,25-34
CLI-002138,loja_propria,haircare,2023-02-27,2024-01-26,1,166.05,301.06,False,inativo,RJ,F,45-54
CLI-002139,ecommerce,perfumes,2024-03-28,2024-09-23,3,428.09,2482.78,True,inativo,DF,M,25-34
CLI-002140,ecommerce,perfumes,2023-12-19,2024-12-31,1,253.3,707.23,False,inativo,MG,F,25-34
CLI-002141,marketplace,haircare,2024-02-09,2024-07-28,2,249.51,1056.73,False,ativo,BA,M,45-54
CLI-002142,ecommerce,haircare,2024-06-17,2024-12-03,1,197.86,406.57,False,inativo,SP,M,35-44
CLI-002143,ecommerce,haircare,2024-06-10,2024-07-09,2,249.9,1220.08,False,ativo,SP,F,45-54
CLI-002144,loja_propria,skincare,2023-09-08,2023-10-23,6,167.23,2942.87,True,ativo,RJ,F,35-44
CLI-002145,ecommerce,maquiagem,2024-04-17,2024-12-31,2,163.03,827.58,False,ativo,SP,F,35-44
CLI-002146,ecommerce,perfumes,2023-07-19,2024-08-11,6,166.56,2274.97,True,ativo,PR,M,25-34
CLI-002147,ecommerce,haircare,2024-02-19,2024-11-27,2,65.25,368.57,False,em_risco,PR,F,35-44
CLI-002148,marketplace,maquiagem,2023-11-24,2024-02-12,2,199.03,662.47,False,inativo,PR,F,45-54
CLI-002149,ecommerce,maquiagem,2023-01-08,2023-01-13,1,62.12,131.43,False,inativo,GO,F,25-34
CLI-002150,ecommerce,perfumes,2023-01-31,2023-12-19,1,540.24,813.07,False,em_risco,GO,F,25-34
CLI-002151,ecommerce,maquiagem,2024-07-17,2024-12-31,6,115.01,1842.28,True,ativo,SP,F,35-44
CLI-002152,marketplace,maquiagem,2024-04-23,2024-09-09,4,97.8,937.85,True,ativo,DF,F,45-54
CLI-002153,franquia,skincare,2024-01-07,2024-08-13,3,217.37,1718.4,True,ativo,SC,F,35-44
CLI-002154,ecommerce,perfumes,2024-02-02,2024-07-19,2,128.57,693.38,False,inativo,SC,M,25-34
CLI-002155,ecommerce,perfumes,2023-09-20,2024-03-05,2,172.05,764.91,False,ativo,MG,F,25-34
CLI-002156,ecommerce,skincare,2024-05-23,2024-12-02,2,123.74,538.69,False,ativo,SP,F,35-44
CLI-002157,loja_propria,perfumes,2023-09-17,2023-12-15,2,512.75,2081.41,False,ativo,BA,F,55+
CLI-002158,marketplace,maquiagem,2023-05-14,2023-12-01,1,162.07,485.32,False,ativo,SP,F,25-34
CLI-002159,franquia,maquiagem,2023-04-18,2024-05-05,2,109.12,646.31,False,em_risco,RJ,F,25-34
CLI-002160,marketplace,skincare,2023-08-19,2023-11-30,2,341.18,2032.23,False,ativo,PR,F,35-44
CLI-002161,ecommerce,skincare,2023-08-05,2024-04-01,3,375.49,1783.92,True,ativo,MG,M,35-44
CLI-002162,franquia,haircare,2024-02-15,2024-02-16,12,114.25,3873.94,True,ativo,SP,F,25-34
CLI-002163,marketplace,maquiagem,2023-03-05,2023-04-07,6,99.92,1724.72,True,inativo,SP,F,18-24
CLI-002164,ecommerce,maquiagem,2024-03-27,2024-12-31,1,163.63,397.82,False,inativo,SP,F,35-44
CLI-002165,marketplace,haircare,2023-11-16,2024-11-17,2,245.36,906.91,False,ativo,MG,F,18-24
CLI-002166,ecommerce,haircare,2023-06-21,2024-05-06,3,214.57,1069.89,True,em_risco,PE,F,25-34
CLI-002167,ecommerce,maquiagem,2023-08-06,2024-05-02,2,156.34,746.91,False,em_risco,SP,F,35-44
CLI-002168,franquia,perfumes,2023-09-07,2023-10-25,12,245.66,8120.96,True,ativo,MG,F,25-34
CLI-002169,marketplace,haircare,2023-06-07,2024-01-23,6,257.33,3599.52,True,ativo,SP,NI,25-34
CLI-002170,loja_propria,maquiagem,2024-03-21,2024-05-16,2,106.91,336.07,False,ativo,MG,F,18-24
CLI-002171,ecommerce,skincare,2024-07-02,2024-12-31,1,344.48,563.98,False,ativo,RJ,F,25-34
CLI-002172,ecommerce,perfumes,2023-04-09,2023-05-04,2,308.58,1049.39,False,em_risco,BA,F,25-34
CLI-002173,ecommerce,perfumes,2024-02-24,2024-09-03,1,409.68,899.6,False,ativo,SP,F,25-34
CLI-002174,ecommerce,maquiagem,2023-09-28,2023-12-12,2,192.71,694.21,False,ativo,BA,F,35-44
CLI-002175,marketplace,skincare,2024-05-31,2024-10-09,3,143.05,1114.1,True,em_risco,MG,F,25-34
CLI-002176,ecommerce,skincare,2024-06-11,2024-07-15,3,130.42,711.21,True,ativo,RS,F,18-24
CLI-002177,loja_propria,skincare,2023-06-05,2024-02-19,4,176.3,1379.49,True,ativo,RJ,F,45-54
CLI-002178,marketplace,skincare,2023-01-14,2023-05-12,1,169.96,342.2,False,ativo,RJ,F,55+
CLI-002179,marketplace,haircare,2023-07-14,2024-05-09,1,116.57,284.69,False,ativo,SC,NI,25-34
CLI-002180,loja_propria,haircare,2023-04-18,2024-02-16,2,187.84,836.1,False,ativo,MG,M,25-34
CLI-002181,ecommerce,haircare,2024-02-05,2024-10-05,2,234.87,757.95,False,ativo,RS,F,45-54
CLI-002182,ecommerce,skincare,2024-02-01,2024-09-24,3,253.13,1638.53,True,inativo,SP,F,45-54
CLI-002183,marketplace,maquiagem,2024-03-01,2024-10-27,1,61.38,147.2,False,ativo,MG,F,25-34
CLI-002184,franquia,skincare,2024-03-20,2024-12-31,3,151.29,990.22,True,inativo,SP,F,35-44
CLI-002185,ecommerce,skincare,2024-04-05,2024-07-08,1,291.07,567.84,False,ativo,SP,F,18-24
CLI-002186,loja_propria,maquiagem,2023-08-07,2024-07-10,2,117.12,697.29,False,ativo,SP,F,45-54
CLI-002187,franquia,haircare,2023-02-20,2023-12-03,2,166.0,833.84,False,em_risco,SP,F,35-44
CLI-002188,marketplace,skincare,2023-05-01,2024-02-17,1,101.03,211.67,False,ativo,SP,F,25-34
CLI-002189,ecommerce,skincare,2024-04-28,2024-12-31,2,302.99,1711.41,False,ativo,GO,F,35-44
CLI-002190,franquia,maquiagem,2023-08-31,2024-01-31,3,59.49,387.89,True,inativo,RJ,F,45-54
CLI-002191,franquia,haircare,2024-07-19,2024-12-31,3,63.17,466.58,True,inativo,GO,F,55+
CLI-002192,franquia,skincare,2023-11-18,2024-09-23,2,391.41,1333.57,False,em_risco,MG,F,35-44
CLI-002193,franquia,skincare,2024-07-23,2024-12-31,1,333.69,930.04,False,em_risco,SP,M,35-44
CLI-002194,franquia,perfumes,2023-05-22,2023-07-21,12,451.91,10717.52,True,ativo,SP,F,55+
CLI-002195,ecommerce,skincare,2024-06-06,2024-06-19,2,356.43,2032.81,False,inativo,SP,M,45-54
CLI-002196,franquia,perfumes,2023-01-11,2023-03-31,3,383.26,2431.03,True,em_risco,SP,M,18-24
CLI-002197,ecommerce,haircare,2024-04-14,2024-12-31,2,148.01,859.29,False,inativo,SP,F,55+
CLI-002198,loja_propria,skincare,2023-01-05,2023-01-23,2,206.98,678.53,False,inativo,RJ,F,45-54
CLI-002199,ecommerce,haircare,2023-09-11,2024-05-21,4,125.55,935.53,True,ativo,SC,F,35-44
CLI-002200,marketplace,maquiagem,2023-02-11,2023-12-11,2,152.32,481.54,False,em_risco,SP,F,25-34
